plddt,i_ptm,seq
0.5481196641921997,0.0626161694526672,EQLLFLYIIYTVGYALSFSALVIASAILLG/EQLLALLGALLALLA
0.5196810364723206,0.0496557764708995,EQLLFLYIIYTVGYALSFSALVIASAILLG/LQLLILLLILLALLS
0.5258078575134277,0.0561077147722244,EQLLFLYIIYTVGYALSFSALVIASAILLG/EQLLLLLLILLLLLS
0.5323011875152588,0.0528381243348121,EQLLFLYIIYTVGYALSFSALVIASAILLG/EQLLALLLLLLALLA
0.5184487700462341,0.0691659227013588,EQLLFLYIIYTVGYALSFSALVIASAILLG/EQLLILGLIVLLLLA
0.4950191974639892,0.0486248545348644,EQLLFLYIIYTVGYALSFSALVIASAILLG/EQLLILLLIVLALLG
0.5387964248657227,0.0614663623273372,EQLLFLYIIYTVGYALSFSALVIASAILLG/EQLLILLGILLALLA
0.5226511359214783,0.0764601454138755,EQLLFLYIIYTVGYALSFSALVIASAILLG/EQLIILGLLVLLLLG
0.5199462175369263,0.061865746974945,EQLLFLYIIYTVGYALSFSALVIASAILLG/SQLLLLLLIVLLLLA
0.4993141293525696,0.0545775257050991,EQLLFLYIIYTVGYALSFSALVIASAILLG/EQLLILLQILLSLLG
0.5510651469230652,0.0805610045790672,EQLLFLYIIYTVGYALSFSALVIASAILLG/LGLLILLLLLLLLLS
0.4978887438774109,0.0535683296620845,EQLLFLYIIYTVGYALSFSALVIASAILLG/EQLLILLLLVLLLLL
0.5101308226585388,0.0570815689861774,EQLLFLYIIYTVGYALSFSALVIASAILLG/EQLLILLGIVLALLA
0.5365804433822632,0.0639857277274131,EQLLFLYIIYTVGYALSFSALVIASAILLG/EQLLILLQLLLSLLS
0.517942488193512,0.0539916343986988,EQLLFLYIIYTVGYALSFSALVIASAILLG/EQLLILLGILLALLG
0.5101308226585388,0.0570815689861774,EQLLFLYIIYTVGYALSFSALVIASAILLG/EQLLILLGIVLALLA
0.5101308226585388,0.0570815689861774,EQLLFLYIIYTVGYALSFSALVIASAILLG/EQLLILLGIVLALLA
0.5169110298156738,0.0566046014428138,EQLLFLYIIYTVGYALSFSALVIASAILLG/EQLLILLLILGLLLG
0.5392673015594482,0.068948820233345,EQLLFLYIIYTVGYALSFSALVIASAILLG/EQLLALLGLVLALLA
0.4943878054618835,0.0525952577590942,EQLLFLYIIYTVGYALSFSALVIASAILLG/EQLLALLAVVAALLA
0.5746093988418579,0.1100042164325714,EQLLFLYIIYTVGYALSFSALVIASAILLG/GGLLILLLLLLLLLG
0.5337241888046265,0.0703934654593467,EQLLFLYIIYTVGYALSFSALVIASAILLG/EQLLILGLILLLLLS
0.5407163500785828,0.0631910786032676,EQLLFLYIIYTVGYALSFSALVIASAILLG/EQLLALLGLLAALLA
0.5404382944107056,0.072938784956932,EQLLFLYIIYTVGYALSFSALVIASAILLG/EQLLILLGLLLLLLS
0.537880003452301,0.0679443180561065,EQLLFLYIIYTVGYALSFSALVIASAILLG/EQLLILLGIIALLLA
0.5276395082473755,0.0515845157206058,EQLLFLYIIYTVGYALSFSALVIASAILLG/EQLLILLLLLLALLA
0.5471740961074829,0.0724609121680259,EQLLFLYIIYTVGYALSFSALVIASAILLG/ESLLILGLILLLLLA
0.5200916528701782,0.0646437555551529,EQLLFLYIIYTVGYALSFSALVIASAILLG/EQLLILGLILLALLG
0.505882978439331,0.060841366648674,EQLLFLYIIYTVGYALSFSALVIASAILLG/EQLLLLGLILLLLLG
0.4972113966941833,0.0505594238638877,EQLLFLYIIYTVGYALSFSALVIASAILLG/EQLLILLSLVLKLLE
0.507407546043396,0.0577260963618755,EQLLFLYIIYTVGYALSFSALVIASAILLG/SALLILLLIVLLLLG
0.5160917043685913,0.0659254640340805,EQLLFLYIIYTVGYALSFSALVIASAILLG/SQLLILLGILLALLG
0.5095957517623901,0.0477319061756134,EQLLFLYIIYTVGYALSFSALVIASAILLG/EQLIILLLVLLALLG
0.5376939177513123,0.0875047519803047,EQLLFLYIIYTVGYALSFSALVIASAILLG/EQLLILGGLVLSLLA
0.5298845767974854,0.0599652417004108,EQLLFLYIIYTVGYALSFSALVIASAILLG/EQLLILLLIVLSLLS
0.5398529767990112,0.0627755671739578,EQLLFLYIIYTVGYALSFSALVIASAILLG/EQLLALLGLLLALLG
0.5055561661720276,0.0548763088881969,EQLLFLYIIYTVGYALSFSALVIASAILLG/SQLLILLLILLTLLS
0.5004388689994812,0.0592733100056648,EQLLFLYIIYTVGYALSFSALVIASAILLG/SQLLILLLLVLLLLG
0.5138804912567139,0.0551824271678924,EQLLFLYIIYTVGYALSFSALVIASAILLG/EQLLILLLLVLLLLS
0.5236042737960815,0.0532416366040706,EQLLFLYIIYTVGYALSFSALVIASAILLG/EQLAILLLLLAALLA
0.517942488193512,0.0539916343986988,EQLLFLYIIYTVGYALSFSALVIASAILLG/EQLLILLGILLALLG
0.5147945880889893,0.0637084543704986,EQLLFLYIIYTVGYALSFSALVIASAILLG/EQLLILGLILLLLLG
0.5247881412506104,0.0644277855753898,EQLLFLYIIYTVGYALSFSALVIASAILLG/EQLLILGLILALLLA
0.4980417490005493,0.052932359278202,EQLLFLYIIYTVGYALSFSALVIASAILLG/EQLLGLLALVAALLA
0.5383768081665039,0.0525068715214729,EQLLFLYIIYTVGYALSFSALVIASAILLG/EQLLALLALLAALLA
0.5187302827835083,0.0634199529886245,EQLLFLYIIYTVGYALSFSALVIASAILLG/EQLLILGLIILLLLG
0.5266621708869934,0.0637225359678268,EQLLFLYIIYTVGYALSFSALVIASAILLG/EQLLFLLGILLSLLA
0.5101127028465271,0.0636077225208282,EQLLFLYIIYTVGYALSFSALVIASAILLG/EQLLILGILVLLLLE
0.5217198729515076,0.0683151930570602,EQLLFLYIIYTVGYALSFSALVIASAILLG/AQLLILLGLLLLLLG
0.532758355140686,0.0550438314676284,EQLLFLYIIYTVGYALSFSALVIASAILLG/EQLLIALLLLLALLA
0.4890291690826416,0.0553136579692363,EQLLFLYIIYTVGYALSFSALVIASAILLG/AQLLILLILVLALLA
0.5049949884414673,0.0637398287653923,EQLLFLYIIYTVGYALSFSALVIASAILLG/LGLLILLLILGLLLG
0.4884964227676391,0.0563060194253921,EQLLFLYIIYTVGYALSFSALVIASAILLG/EQLLILLLIVLLLLG
0.5005162954330444,0.0578575879335403,EQLLFLYIIYTVGYALSFSALVIASAILLG/EQLLILGLLVALLLG
0.5246185064315796,0.0530323386192321,EQLLFLYIIYTVGYALSFSALVIASAILLG/EQLLALLLVLLALLG
0.4997241497039795,0.0583507716655731,EQLLFLYIIYTVGYALSFSALVIASAILLG/LQLLILLLLVLALLA
0.5302941203117371,0.053990714251995,EQLLFLYIIYTVGYALSFSALVIASAILLG/EQLLILLLILLLLLA
0.4927621483802795,0.0496815927326679,EQLLFLYIIYTVGYALSFSALVIASAILLG/EQLLILLLIVLALLA
0.5432442426681519,0.0697901844978332,EQLLFLYIIYTVGYALSFSALVIASAILLG/LGLLILLLILLLLLA
0.4703514575958252,0.0571186952292919,EQLLFLYIIYTVGYALSFSALVIASAILLG/LQLLILLLIVLLLLE
0.5209110379219055,0.0667468607425689,EQLLFLYIIYTVGYALSFSALVIASAILLG/LLLLILLLIVLLLLG
0.5188161134719849,0.0576244294643402,EQLLFLYIIYTVGYALSFSALVIASAILLG/EQLLILLLVLLGLLA
0.5276819467544556,0.0707667469978332,EQLLFLYIIYTVGYALSFSALVIASAILLG/EQLLILGIIFLLLLG
0.5205584764480591,0.058869369328022,EQLLFLYIIYTVGYALSFSALVIASAILLG/AQLLLLLLIVLALLA
0.5360828638076782,0.0527049377560615,EQLLFLYIIYTVGYALSFSALVIASAILLG/EQLLALLALLLALLA
0.5101308226585388,0.0570815689861774,EQLLFLYIIYTVGYALSFSALVIASAILLG/EQLLILLGIVLALLA
0.4943878054618835,0.0525952577590942,EQLLFLYIIYTVGYALSFSALVIASAILLG/EQLLALLAVVAALLA
0.5047907829284668,0.0513089746236801,EQLLFLYIIYTVGYALSFSALVIASAILLG/EQLLFLLVLLALLLG
0.5090841054916382,0.0630213767290115,EQLLFLYIIYTVGYALSFSALVIASAILLG/AQLLILLGIVLLLLG
0.5003488659858704,0.0550560727715492,EQLLFLYIIYTVGYALSFSALVIASAILLG/EQLLLLLLLVLLLLG
0.5309715867042542,0.0573450662195682,EQLLFLYIIYTVGYALSFSALVIASAILLG/LQLLILLLLILLLLA
0.519160270690918,0.0565843321382999,EQLLFLYIIYTVGYALSFSALVIASAILLG/EQLLALLLVLLLLLG
0.4898205399513244,0.0562022775411605,EQLLFLYIIYTVGYALSFSALVIASAILLG/EQLLILLLLVLLLLG
0.4976354837417602,0.0599231347441673,EQLLFLYIIYTVGYALSFSALVIASAILLG/LQLLILLLIVGLLLG
0.4949951171875,0.0486656576395034,EQLLFLYIIYTVGYALSFSALVIASAILLG/EQLLILLLIVLLLLE
0.5079871416091919,0.0568040199577808,EQLLFLYIIYTVGYALSFSALVIASAILLG/EQLLLLLLVVLSLLA
0.5258275270462036,0.065975435078144,EQLLFLYIIYTVGYALSFSALVIASAILLG/LQLLILLLILLLLLG
0.5297771692276001,0.0503445640206337,EQLLFLYIIYTVGYALSFSALVIASAILLG/EQLLILLALLLALLG
0.5265566110610962,0.0582708641886711,EQLLFLYIIYTVGYALSFSALVIASAILLG/EQLLALLAIVLALLA
0.5277431607246399,0.0552798844873905,EQLLFLYIIYTVGYALSFSALVIASAILLG/EQLLLLLLILLLLLA
0.5398529767990112,0.0627755671739578,EQLLFLYIIYTVGYALSFSALVIASAILLG/EQLLALLGLLLALLG
0.5209810137748718,0.0552769862115383,EQLLFLYIIYTVGYALSFSALVIASAILLG/EQLLLLLLLLLLLLS
0.5469533205032349,0.0785960480570793,EQLLFLYIIYTVGYALSFSALVIASAILLG/SGLLFLLLLLLLLLA
0.4884964227676391,0.0563060194253921,EQLLFLYIIYTVGYALSFSALVIASAILLG/EQLLILLLIVLLLLG
0.5063756108283997,0.0509351715445518,EQLLFLYIIYTVGYALSFSALVIASAILLG/AQLAILGAILLALLS
0.4582435488700866,0.0570707358419895,EQLLFLYIIYTVGYALSFSALVIASAILLG/EQLLILGAIVAALLA
0.5089982151985168,0.055274412035942,EQLLFLYIIYTVGYALSFSALVIASAILLG/LQLLFLLIILLLLLG
0.4897516965866089,0.0543454177677631,EQLLFLYIIYTVGYALSFSALVIASAILLG/EQLLILLLIVLLLLL
0.5476065874099731,0.0618260353803634,EQLLFLYIIYTVGYALSFSALVIASAILLG/EQLAALLALLGALLA
0.529303252696991,0.0709627419710159,EQLLFLYIIYTVGYALSFSALVIASAILLG/EQLLILGGILLALLA
0.5051387548446655,0.0524835176765918,EQLLFLYIIYTVGYALSFSALVIASAILLG/EQLLILLGIVLALLG
0.519795298576355,0.0649682804942131,EQLLFLYIIYTVGYALSFSALVIASAILLG/AELLLLLLILALLLG
0.5337241888046265,0.0703934654593467,EQLLFLYIIYTVGYALSFSALVIASAILLG/EQLLILGLILLLLLS
0.5031849145889282,0.0543638579547405,EQLLFLYIIYTVGYALSFSALVIASAILLG/EQLLILLIIFLLLLL
0.5289315581321716,0.066220723092556,EQLLFLYIIYTVGYALSFSALVIASAILLG/LGLLILLLLFLLLLG
0.543213963508606,0.055634893476963,EQLLFLYIIYTVGYALSFSALVIASAILLG/EQLLALLALLLALLG
0.5147911906242371,0.0580391250550746,EQLLFLYIIYTVGYALSFSALVIASAILLG/EQLLLLLLLVLSLLG
0.528926432132721,0.0629856213927269,EQLLFLYIIYTVGYALSFSALVIASAILLG/EQLLILLGILLLLLG
0.5258275270462036,0.065975435078144,EQLLFLYIIYTVGYALSFSALVIASAILLG/LQLLILLLILLLLLG
0.515989363193512,0.0608769282698631,EQLLFLYIIYTVGYALSFSALVIASAILLG/EQLLILGLLLLLLLG
0.5088486671447754,0.0596586018800735,EQLLFLYIIYTVGYALSFSALVIASAILLG/EQLLILGLVLLALLG
0.5194164514541626,0.0644000694155693,EQLLFLYIIYTVGYALSFSALVIASAILLG/LQLLILLLIVLLLLL
0.5045384168624878,0.051311407238245,EQLLFLYIIYTVGYALSFSALVIASAILLG/EQLLILLIILLLLLL
0.517795205116272,0.0557967722415924,EQLLFLYIIYTVGYALSFSALVIASAILLG/EQLLILLLIVLLLLS
0.5023988485336304,0.0641859397292137,EQLLFLYIIYTVGYALSFSALVIASAILLG/LQLLILLLIVLLLLA
0.5393680930137634,0.0818399637937545,EQLLFLYIIYTVGYALSFSALVIASAILLG/AGLLFALLLVLLLLG
0.5554196238517761,0.0831221565604209,EQLLFLYIIYTVGYALSFSALVIASAILLG/LALLILLLVLLLLLA
0.513822078704834,0.052321009337902,EQLLFLYIIYTVGYALSFSALVIASAILLG/LALLIALLIVLLLLG
0.5174334049224854,0.0651864856481552,EQLLFLYIIYTVGYALSFSALVIASAILLG/EQLLILGLLVLALLA
0.5202733278274536,0.0713416561484336,EQLLFLYIIYTVGYALSFSALVIASAILLG/LQLLILGLLLLLLLG
0.5230490565299988,0.0652213096618652,EQLLFLYIIYTVGYALSFSALVIASAILLG/LQLLILGIIVLLLLS
0.5144435167312622,0.0630689561367034,EQLLFLYIIYTVGYALSFSALVIASAILLG/EQLLILGLILAALLG
0.5251303315162659,0.060775738209486,EQLLFLYIIYTVGYALSFSALVIASAILLG/EQLLILGLLLLALLG
0.5377877950668335,0.0641358122229576,EQLLFLYIIYTVGYALSFSALVIASAILLG/EQLLALLLSLLSLLA
0.4926669001579284,0.0539140552282333,EQLLFLYIIYTVGYALSFSALVIASAILLG/EQLLILLIIVLLLLL
0.4927621483802795,0.0496815927326679,EQLLFLYIIYTVGYALSFSALVIASAILLG/EQLLILLLIVLALLA
0.5095096826553345,0.0586936622858047,EQLLFLYIIYTVGYALSFSALVIASAILLG/SQLLGLLSLLLALLS
0.5148065686225891,0.0551678277552127,EQLLFLYIIYTVGYALSFSALVIASAILLG/LQLLILLLLLLLLLA
0.5082696676254272,0.0492148399353027,EQLLFLYIIYTVGYALSFSALVIASAILLG/EQLLALLLVVLALLE
0.5360828638076782,0.0527049377560615,EQLLFLYIIYTVGYALSFSALVIASAILLG/EQLLALLALLLALLA
0.5526702404022217,0.0758308842778205,TRNYIHLNLFASFILRALSVFIKDAALKWMYSTAAQ/FDEILAEILEKIANS
0.5382519960403442,0.0919918790459632,TRNYIHLNLFASFILRALSVFIKDAALKWMYSTAAQ/FDLILLLILLALLLS
0.506910502910614,0.0785830542445182,TRNYIHLNLFASFILRALSVFIKDAALKWMYSTAAQ/FDSLLLSILLALALS
0.5081624388694763,0.0749381110072135,TRNYIHLNLFASFILRALSVFIKDAALKWMYSTAAQ/FDALLAAILAALAAS
0.5314414501190186,0.0731000080704689,TRNYIHLNLFASFILRALSVFIKDAALKWMYSTAAQ/FDELLLEILSALASS
0.5235518217086792,0.076054997742176,TRNYIHLNLFASFILRALSVFIKDAALKWMYSTAAQ/FDEILAALLEALANS
0.5580476522445679,0.0806467831134796,TRNYIHLNLFASFILRALSVFIKDAALKWMYSTAAQ/FDELLKEILEALANS
0.530059814453125,0.0780613273382186,TRNYIHLNLFASFILRALSVFIKDAALKWMYSTAAQ/FDLLLALILLLLALS
0.5434203743934631,0.0822305157780647,TRNYIHLNLFASFILRALSVFIKDAALKWMYSTAAQ/FDELFEEILEELANS
0.5266761779785156,0.0720018520951271,TRNYIHLNLFASFILRALSVFIKDAALKWMYSTAAQ/FDSLLAAILAALAAA
0.530059814453125,0.0780613273382186,TRNYIHLNLFASFILRALSVFIKDAALKWMYSTAAQ/FDLLLALILLLLALS
0.508629322052002,0.0696914196014404,TRNYIHLNLFASFILRALSVFIKDAALKWMYSTAAQ/FDPLLLLLLLLEALS
0.4960283637046814,0.0770149603486061,TRNYIHLNLFASFILRALSVFIKDAALKWMYSTAAQ/FDALLALILALLAAA
0.5474840402603149,0.0784541144967079,TRNYIHLNLFASFILRALSVFIKDAALKWMYSTAAQ/FDEILALILTLLALS
0.5372826457023621,0.072826899588108,TRNYIHLNLFASFILRALSVFIKDAALKWMYSTAAQ/FDELFAAILAALAAA
0.5248185992240906,0.0747294127941131,TRNYIHLNLFASFILRALSVFIKDAALKWMYSTAAQ/FDLLLLLILTLLALS
0.5298830270767212,0.0635046809911727,TRNYIHLNLFASFILRALSVFIKDAALKWMYSTAAQ/FDELLATILTALALS
0.5222029685974121,0.0730794072151184,TRNYIHLNLFASFILRALSVFIKDAALKWMYSTAAQ/FDEVLAALLTALALA
0.5454536080360413,0.0892490819096565,TRNYIHLNLFASFILRALSVFIKDAALKWMYSTAAQ/FDELFQEILEALANA
0.5154549479484558,0.071921095252037,TRNYIHLNLFASFILRALSVFIKDAALKWMYSTAAQ/FDALLAALLAALAAA
0.5461567640304565,0.0812684595584869,TRNYIHLNLFASFILRALSVFIKDAALKWMYSTAAQ/FDELFEEILEALANS
0.5305589437484741,0.0729990899562835,TRNYIHLNLFASFILRALSVFIKDAALKWMYSTAAQ/FDALLAAILAALAAA
0.5358120799064636,0.0754755139350891,TRNYIHLNLFASFILRALSVFIKDAALKWMYSTAAQ/FDLLTLLILLLLALS
0.5297889709472656,0.0754179581999778,TRNYIHLNLFASFILRALSVFIKDAALKWMYSTAAQ/FDEVLAAILLALALS
0.4941873550415039,0.0751831829547882,TRNYIHLNLFASFILRALSVFIKDAALKWMYSTAAQ/FDALFAAILLALALS
0.5279970169067383,0.0645876228809356,TRNYIHLNLFASFILRALSVFIKDAALKWMYSTAAQ/FDELLQALLESLAAS
0.551124632358551,0.0820765793323516,TRNYIHLNLFASFILRALSVFIKDAALKWMYSTAAQ/FDELLAKILQELAES
0.5423036813735962,0.0745914429426193,TRNYIHLNLFASFILRALSVFIKDAALKWMYSTAAQ/FDEVLAAILAALAAA
0.5405932664871216,0.0755682289600372,TRNYIHLNLFASFILRALSVFIKDAALKWMYSTAAQ/FDELLAEILEALANS
0.5198965072631836,0.0806299522519111,TRNYIHLNLFASFILRALSVFIKDAALKWMYSTAAQ/FDLLLALILLLLALA
0.5287579298019409,0.066250555217266,TRNYIHLNLFASFILRALSVFIKDAALKWMYSTAAQ/FDELLAEILAALAAA
0.5154549479484558,0.071921095252037,TRNYIHLNLFASFILRALSVFIKDAALKWMYSTAAQ/FDALLAALLAALAAA
0.5294089317321777,0.0740008279681205,TRNYIHLNLFASFILRALSVFIKDAALKWMYSTAAQ/FDELLAALLTALALS
0.5477918982505798,0.0766882300376892,TRNYIHLNLFASFILRALSVFIKDAALKWMYSTAAQ/FDELLAEILEALANA
0.5346823930740356,0.0850896388292312,TRNYIHLNLFASFILRALSVFIKDAALKWMYSTAAQ/RDLLLLLLLLLLALS
0.5069758892059326,0.0795648694038391,TRNYIHLNLFASFILRALSVFIKDAALKWMYSTAAQ/FDLLLALLLLLLALS
0.521858811378479,0.0810929164290428,TRNYIHLNLFASFILRALSVFIKDAALKWMYSTAAQ/FDELFLLLLLALALS
0.5424361228942871,0.0834301933646202,TRNYIHLNLFASFILRALSVFIKDAALKWMYSTAAQ/FDEILALILLLLALS
0.4919748306274414,0.0773677453398704,TRNYIHLNLFASFILRALSVFIKDAALKWMYSTAAQ/FDSLLAAILLALALS
0.538648247718811,0.0812304466962814,TRNYIHLNLFASFILRALSVFIKDAALKWMYSTAAQ/FDELLALLLTLLALS
0.5071349143981934,0.0780383124947547,TRNYIHLNLFASFILRALSVFIKDAALKWMYSTAAQ/PDLLVLLLLLLLALS
0.5422776937484741,0.0775499939918518,TRNYIHLNLFASFILRALSVFIKDAALKWMYSTAAQ/FDEILALILEALANA
0.5409461259841919,0.0713323950767517,TRNYIHLNLFASFILRALSVFIKDAALKWMYSTAAQ/FDEILAAILAALAAA
0.5343303084373474,0.076039582490921,TRNYIHLNLFASFILRALSVFIKDAALKWMYSTAAQ/FDELLALILTALALA
0.5370993614196777,0.0829303711652755,TRNYIHLNLFASFILRALSVFIKDAALKWMYSTAAQ/FDEVLAKLLEELAQS
0.5305589437484741,0.0729990899562835,TRNYIHLNLFASFILRALSVFIKDAALKWMYSTAAQ/FDALLAAILAALAAA
0.5491163730621338,0.0798802152276039,TRNYIHLNLFASFILRALSVFIKDAALKWMYSTAAQ/FDEVLAAILEALANA
0.5249483585357666,0.0759411305189132,TRNYIHLNLFASFILRALSVFIKDAALKWMYSTAAQ/FDELLAKILEALALA
0.530739963054657,0.0707867667078971,TRNYIHLNLFASFILRALSVFIKDAALKWMYSTAAQ/FDELLALILSLLANA
0.5229628086090088,0.0683560222387313,TRNYIHLNLFASFILRALSVFIKDAALKWMYSTAAQ/FDELLALLLELLANS
0.5337518453598022,0.0782937407493591,TRNYIHLNLFASFILRALSVFIKDAALKWMYSTAAQ/FDLLLLLILLLLALS
0.4849532842636108,0.0811709836125373,TRNYIHLNLFASFILRALSVFIKDAALKWMYSTAAQ/FDLLLLLLLLLLALS
0.5504918098449707,0.0781270563602447,TRNYIHLNLFASFILRALSVFIKDAALKWMYSTAAQ/FDEVLAAILEALANS
0.5464791059494019,0.0723925605416297,TRNYIHLNLFASFILRALSVFIKDAALKWMYSTAAQ/FDELLAAILAAIAAA
0.5305589437484741,0.0729990899562835,TRNYIHLNLFASFILRALSVFIKDAALKWMYSTAAQ/FDALLAAILAALAAA
0.5204012989997864,0.0827836692333221,TRNYIHLNLFASFILRALSVFIKDAALKWMYSTAAQ/FDLLFALILLLLALA
0.5316694974899292,0.0765899792313575,TRNYIHLNLFASFILRALSVFIKDAALKWMYSTAAQ/FDELLAAILLAIALA
0.518643856048584,0.0698709413409233,TRNYIHLNLFASFILRALSVFIKDAALKWMYSTAAQ/FDAILAAILAALAAS
0.5337518453598022,0.0782937407493591,TRNYIHLNLFASFILRALSVFIKDAALKWMYSTAAQ/FDLLLLLILLLLALS
0.5275698900222778,0.0721708312630653,TRNYIHLNLFASFILRALSVFIKDAALKWMYSTAAQ/FDELLAEILASLAAS
0.5248185992240906,0.0747294127941131,TRNYIHLNLFASFILRALSVFIKDAALKWMYSTAAQ/FDLLLLLILTLLALS
0.5329327583312988,0.0772141516208648,TRNYIHLNLFASFILRALSVFIKDAALKWMYSTAAQ/FDELLEEILQLLAEA
0.5299983024597168,0.0772421285510063,TRNYIHLNLFASFILRALSVFIKDAALKWMYSTAAQ/RDLLLLLILLLLLLS
0.5082042217254639,0.0788399055600166,TRNYIHLNLFASFILRALSVFIKDAALKWMYSTAAQ/FDALLLLLLLLLALS
0.517926812171936,0.0778224766254425,TRNYIHLNLFASFILRALSVFIKDAALKWMYSTAAQ/FDLLLAIILLLLALS
0.5319072008132935,0.0786124244332313,TRNYIHLNLFASFILRALSVFIKDAALKWMYSTAAQ/FDLLLLLILLLIALA
0.5108869075775146,0.076624110341072,TRNYIHLNLFASFILRALSVFIKDAALKWMYSTAAQ/FDELLLELLTELALS
0.5344944000244141,0.0741124004125595,TRNYIHLNLFASFILRALSVFIKDAALKWMYSTAAQ/FDALLAAILALLAAA
0.5154549479484558,0.071921095252037,TRNYIHLNLFASFILRALSVFIKDAALKWMYSTAAQ/FDALLAALLAALAAA
0.5341488122940063,0.0740045458078384,TRNYIHLNLFASFILRALSVFIKDAALKWMYSTAAQ/PDLILAIILLLIALS
0.5239386558532715,0.0826748982071876,TRNYIHLNLFASFILRALSVFIKDAALKWMYSTAAQ/FDELLALLLLLLALS
0.5511845350265503,0.077499158680439,TRNYIHLNLFASFILRALSVFIKDAALKWMYSTAAQ/FDELLAAILEALANA
0.5210464000701904,0.0830580964684486,TRNYIHLNLFASFILRALSVFIKDAALKWMYSTAAQ/FDALLALLLLLLALA
0.5321456789970398,0.0775276497006416,TRNYIHLNLFASFILRALSVFIKDAALKWMYSTAAQ/FDLLLLLILLLIALS
0.5242630839347839,0.0768417865037918,TRNYIHLNLFASFILRALSVFIKDAALKWMYSTAAQ/FDEALAAILEALARA
0.5199401378631592,0.0730476379394531,TRNYIHLNLFASFILRALSVFIKDAALKWMYSTAAQ/FDLLTLLILTLLALA
0.5548866391181946,0.0822158679366111,TRNYIHLNLFASFILRALSVFIKDAALKWMYSTAAQ/FDELLAEILELLANS
0.5287241339683533,0.0790600553154945,TRNYIHLNLFASFILRALSVFIKDAALKWMYSTAAQ/FDELLARILEALANA
0.5081624388694763,0.0749381110072135,TRNYIHLNLFASFILRALSVFIKDAALKWMYSTAAQ/FDALLAAILAALAAS
0.5240646600723267,0.081960879266262,TRNYIHLNLFASFILRALSVFIKDAALKWMYSTAAQ/FDELLLLILLALALS
0.5284090042114258,0.0723583772778511,TRNYIHLNLFASFILRALSVFIKDAALKWMYSTAAQ/FDLILALILLAIALS
0.5477918982505798,0.0766882300376892,TRNYIHLNLFASFILRALSVFIKDAALKWMYSTAAQ/FDELLAEILEALANA
0.5372112393379211,0.0698732286691665,TRNYIHLNLFASFILRALSVFIKDAALKWMYSTAAQ/FDELLAEILAALAAS
0.5305589437484741,0.0729990899562835,TRNYIHLNLFASFILRALSVFIKDAALKWMYSTAAQ/FDALLAAILAALAAA
0.524553656578064,0.0787816569209098,TRNYIHLNLFASFILRALSVFIKDAALKWMYSTAAQ/FDLLLLLILLILALA
0.5305589437484741,0.0729990899562835,TRNYIHLNLFASFILRALSVFIKDAALKWMYSTAAQ/FDALLAAILAALAAA
0.5305589437484741,0.0729990899562835,TRNYIHLNLFASFILRALSVFIKDAALKWMYSTAAQ/FDALLAAILAALAAA
0.5220426321029663,0.0661073327064514,TRNYIHLNLFASFILRALSVFIKDAALKWMYSTAAQ/FDTLLAIILSLLANA
0.5491163730621338,0.0798802152276039,TRNYIHLNLFASFILRALSVFIKDAALKWMYSTAAQ/FDEVLAAILEALANA
0.5241429805755615,0.0732155293226242,TRNYIHLNLFASFILRALSVFIKDAALKWMYSTAAQ/FDSILAAILAALAAA
0.5623117685317993,0.0825358256697654,TRNYIHLNLFASFILRALSVFIKDAALKWMYSTAAQ/FDELLAIILTLLALA
0.5260059237480164,0.0818583965301513,TRNYIHLNLFASFILRALSVFIKDAALKWMYSTAAQ/FDLLLLLLLLLLLLS
0.5305589437484741,0.0729990899562835,TRNYIHLNLFASFILRALSVFIKDAALKWMYSTAAQ/FDALLAAILAALAAA
0.5382833480834961,0.0720402747392654,TRNYIHLNLFASFILRALSVFIKDAALKWMYSTAAQ/FDELLQEILESLANA
0.5655604004859924,0.0737623795866966,TRNYIHLNLFASFILRALSVFIKDAALKWMYSTAAQ/FDEILAAILQAIAES
0.5214763879776001,0.0775841549038887,TRNYIHLNLFASFILRALSVFIKDAALKWMYSTAAQ/FDLLVLLILLLLALA
0.5311778783798218,0.0724435523152351,TRNYIHLNLFASFILRALSVFIKDAALKWMYSTAAQ/FDELLAALLAALAAA
0.5119377374649048,0.0741317644715309,TRNYIHLNLFASFILRALSVFIKDAALKWMYSTAAQ/FDVLLALLLTLYALA
0.518452525138855,0.0695116147398948,TRNYIHLNLFASFILRALSVFIKDAALKWMYSTAAQ/FDEALAALLAALAAA
0.5216708183288574,0.0901855528354644,TRNYIHLNLFASFILRALSVFIKDAALKWMYSTAAQ/FDELFERILEALANA
0.517453670501709,0.0771045088768005,TRNYIHLNLFASFILRALSVFIKDAALKWMYSTAAQ/FDALLALILAALAAA
0.5102449655532837,0.064051941037178,TRNYIHLNLFASFILRALSVFIKDAALKWMYSTAAQ/FDEVLLSILTALALS
0.5114479660987854,0.0767241269350051,TRNYIHLNLFASFILRALSVFIKDAALKWMYSTAAQ/FDLIFALILLLLALA
0.4815221428871155,0.0768430307507515,TRNYIHLNLFASFILRALSVFIKDAALKWMYSTAAQ/FDALLALLLTLLALA
0.530059814453125,0.0780613273382186,TRNYIHLNLFASFILRALSVFIKDAALKWMYSTAAQ/FDLLLALILLLLALS
0.5519851446151733,0.0725078657269477,TRNYIHLNLFASFILRALSVFIKDAALKWMYSTAAQ/FDELLAAILKSLAES
0.5073204040527344,0.0771170035004615,TRNYIHLNLFASFILRALSVFIKDAALKWMYSTAAQ/FDELLAVLLLALALS
0.4530196785926819,0.0627549588680267,TRNYIHLNLFASFILRALSVFIKDAALKWMYSTAAQ/FDLLLLELLLAEALA
0.534119725227356,0.0800546780228614,TRNYIHLNLFASFILRALSVFIKDAALKWMYSTAAQ/FDLLLLLILLALLLA
0.5551502108573914,0.0771886110305786,TRNYIHLNLFASFILRALSVFIKDAALKWMYSTAAQ/FDELLKEILEALANA
0.5405932664871216,0.0755682289600372,TRNYIHLNLFASFILRALSVFIKDAALKWMYSTAAQ/FDELLAEILEALANS
0.4618789553642273,0.0650540515780448,TRNYIHLNLFASFILRALSVFIKDAALKWMYSTAAQ/FDSLLALLLSLLATS
0.5290380716323853,0.0800173878669738,TRNYIHLNLFASFILRALSVFIKDAALKWMYSTAAQ/FDEVLARILEALANA
0.5356556177139282,0.0693295076489448,TRNYIHLNLFASFILRALSVFIKDAALKWMYSTAAQ/FDELLAEILAAIAAS
0.5285056829452515,0.0790202990174293,TRNYIHLNLFASFILRALSVFIKDAALKWMYSTAAQ/FDELFAAILAALALA
0.5224694013595581,0.0746655836701393,TRNYIHLNLFASFILRALSVFIKDAALKWMYSTAAQ/FDALLALILLLIALS
0.5460290908813477,0.0774384960532188,TRNYIHLNLFASFILRALSVFIKDAALKWMYSTAAQ/FDELLKELLEALANA
0.5480316877365112,0.07695122808218,TRNYIHLNLFASFILRALSVFIKDAALKWMYSTAAQ/FDELLAEILKALAES
0.530059814453125,0.0780613273382186,TRNYIHLNLFASFILRALSVFIKDAALKWMYSTAAQ/FDLLLALILLLLALS
0.5283879041671753,0.0736812278628349,TRNYIHLNLFASFILRALSVFIKDAALKWMYSTAAQ/FDEVLAKILAALAAA
0.4358493685722351,0.1200743839144706,EQWIFRLYVSIGWGVPLLFVVPWGIVKYLYEDEGCWTRNSNMNYWLIIRLPILFAIGVNFLIFVRVICIVVSKLK/SLLLLLLIGIISALLLL
0.4343360066413879,0.1110296621918678,EQWIFRLYVSIGWGVPLLFVVPWGIVKYLYEDEGCWTRNSNMNYWLIIRLPILFAIGVNFLIFVRVICIVVSKLK/SLLSLILLGIITALLLL
0.4402844309806824,0.1225477010011673,EQWIFRLYVSIGWGVPLLFVVPWGIVKYLYEDEGCWTRNSNMNYWLIIRLPILFAIGVNFLIFVRVICIVVSKLK/SLLLLLLLGILTALLLL
0.4454503059387207,0.1179463341832161,EQWIFRLYVSIGWGVPLLFVVPWGIVKYLYEDEGCWTRNSNMNYWLIIRLPILFAIGVNFLIFVRVICIVVSKLK/SFLLIILLGIITALLLL
0.4429068565368652,0.1204626858234405,EQWIFRLYVSIGWGVPLLFVVPWGIVKYLYEDEGCWTRNSNMNYWLIIRLPILFAIGVNFLIFVRVICIVVSKLK/SLLLLILLGILTALLLL
0.4323524832725525,0.12054243683815,EQWIFRLYVSIGWGVPLLFVVPWGIVKYLYEDEGCWTRNSNMNYWLIIRLPILFAIGVNFLIFVRVICIVVSKLK/SLLGLILLGILTALLLL
0.449714720249176,0.1136699095368385,EQWIFRLYVSIGWGVPLLFVVPWGIVKYLYEDEGCWTRNSNMNYWLIIRLPILFAIGVNFLIFVRVICIVVSKLK/SLLLIILIGIITAILLL
0.440491259098053,0.1221525892615318,EQWIFRLYVSIGWGVPLLFVVPWGIVKYLYEDEGCWTRNSNMNYWLIIRLPILFAIGVNFLIFVRVICIVVSKLK/SLALLLLLGILTALLLL
0.4359297752380371,0.1110273748636245,EQWIFRLYVSIGWGVPLLFVVPWGIVKYLYEDEGCWTRNSNMNYWLIIRLPILFAIGVNFLIFVRVICIVVSKLK/SLSLIILIGIITALLLL
0.4385226964950561,0.1226381585001945,EQWIFRLYVSIGWGVPLLFVVPWGIVKYLYEDEGCWTRNSNMNYWLIIRLPILFAIGVNFLIFVRVICIVVSKLK/SLLGIILLGIITAILLL
0.4351187944412231,0.1053074821829795,EQWIFRLYVSIGWGVPLLFVVPWGIVKYLYEDEGCWTRNSNMNYWLIIRLPILFAIGVNFLIFVRVICIVVSKLK/SLLEILLLGIIAALLLL
0.4371681809425354,0.1145770847797393,EQWIFRLYVSIGWGVPLLFVVPWGIVKYLYEDEGCWTRNSNMNYWLIIRLPILFAIGVNFLIFVRVICIVVSKLK/SLLSIILLGILTALLLL
0.4401931762695312,0.1132110133767128,EQWIFRLYVSIGWGVPLLFVVPWGIVKYLYEDEGCWTRNSNMNYWLIIRLPILFAIGVNFLIFVRVICIVVSKLK/SLLEIILLGIITALLLL
0.4434240460395813,0.1240850314497947,EQWIFRLYVSIGWGVPLLFVVPWGIVKYLYEDEGCWTRNSNMNYWLIIRLPILFAIGVNFLIFVRVICIVVSKLK/SLLLLLLLGILTAILLL
0.4282814860343933,0.1136225163936615,EQWIFRLYVSIGWGVPLLFVVPWGIVKYLYEDEGCWTRNSNMNYWLIIRLPILFAIGVNFLIFVRVICIVVSKLK/SPLLILLLGLLTALLLL
0.4422445893287658,0.1160864681005477,EQWIFRLYVSIGWGVPLLFVVPWGIVKYLYEDEGCWTRNSNMNYWLIIRLPILFAIGVNFLIFVRVICIVVSKLK/SLLLIILLGILTAILLI
0.4388643503189087,0.1229954585433006,EQWIFRLYVSIGWGVPLLFVVPWGIVKYLYEDEGCWTRNSNMNYWLIIRLPILFAIGVNFLIFVRVICIVVSKLK/SLLLLLLLGLLTALLLL
0.4242503046989441,0.1198785826563835,EQWIFRLYVSIGWGVPLLFVVPWGIVKYLYEDEGCWTRNSNMNYWLIIRLPILFAIGVNFLIFVRVICIVVSKLK/SPLLLLLLGLLSALLLL
0.443128228187561,0.1242080107331276,EQWIFRLYVSIGWGVPLLFVVPWGIVKYLYEDEGCWTRNSNMNYWLIIRLPILFAIGVNFLIFVRVICIVVSKLK/SLLALLLLGIITALLLL
0.4265995025634765,0.1152661144733429,EQWIFRLYVSIGWGVPLLFVVPWGIVKYLYEDEGCWTRNSNMNYWLIIRLPILFAIGVNFLIFVRVICIVVSKLK/SLLSLLLLGILTALLLL
0.4416048526763916,0.1203023940324783,EQWIFRLYVSIGWGVPLLFVVPWGIVKYLYEDEGCWTRNSNMNYWLIIRLPILFAIGVNFLIFVRVICIVVSKLK/SLLLLLLIGILTALLLL
0.4424744844436645,0.1150648295879364,EQWIFRLYVSIGWGVPLLFVVPWGIVKYLYEDEGCWTRNSNMNYWLIIRLPILFAIGVNFLIFVRVICIVVSKLK/SLLLLILLGIITALLLI
0.4458836317062378,0.1208671778440475,EQWIFRLYVSIGWGVPLLFVVPWGIVKYLYEDEGCWTRNSNMNYWLIIRLPILFAIGVNFLIFVRVICIVVSKLK/SLLLILLLGIITALLLL
0.4393535256385803,0.1158326119184494,EQWIFRLYVSIGWGVPLLFVVPWGIVKYLYEDEGCWTRNSNMNYWLIIRLPILFAIGVNFLIFVRVICIVVSKLK/SLLLILLLGILTAILLI
0.4450132846832275,0.1264295279979705,EQWIFRLYVSIGWGVPLLFVVPWGIVKYLYEDEGCWTRNSNMNYWLIIRLPILFAIGVNFLIFVRVICIVVSKLK/SLLLLLLLGIITALLLL
0.4402844309806824,0.1225477010011673,EQWIFRLYVSIGWGVPLLFVVPWGIVKYLYEDEGCWTRNSNMNYWLIIRLPILFAIGVNFLIFVRVICIVVSKLK/SLLLLLLLGILTALLLL
0.4445359706878662,0.1161158978939056,EQWIFRLYVSIGWGVPLLFVVPWGIVKYLYEDEGCWTRNSNMNYWLIIRLPILFAIGVNFLIFVRVICIVVSKLK/SLLLLILIGILTALLLL
0.4271913170814514,0.114725649356842,EQWIFRLYVSIGWGVPLLFVVPWGIVKYLYEDEGCWTRNSNMNYWLIIRLPILFAIGVNFLIFVRVICIVVSKLK/SLLGIILLGIITALLLI
0.4429068565368652,0.1204626858234405,EQWIFRLYVSIGWGVPLLFVVPWGIVKYLYEDEGCWTRNSNMNYWLIIRLPILFAIGVNFLIFVRVICIVVSKLK/SLLLLILLGILTALLLL
0.4404144287109375,0.1155039370059967,EQWIFRLYVSIGWGVPLLFVVPWGIVKYLYEDEGCWTRNSNMNYWLIIRLPILFAIGVNFLIFVRVICIVVSKLK/SFLELLLLGIITALLLL
0.4476733207702636,0.1141935512423515,EQWIFRLYVSIGWGVPLLFVVPWGIVKYLYEDEGCWTRNSNMNYWLIIRLPILFAIGVNFLIFVRVICIVVSKLK/SLLLIILIGIITALLLL
0.4466853737831116,0.1172753572463989,EQWIFRLYVSIGWGVPLLFVVPWGIVKYLYEDEGCWTRNSNMNYWLIIRLPILFAIGVNFLIFVRVICIVVSKLK/SLLLILLIGIITALLLL
0.4445359706878662,0.1161158978939056,EQWIFRLYVSIGWGVPLLFVVPWGIVKYLYEDEGCWTRNSNMNYWLIIRLPILFAIGVNFLIFVRVICIVVSKLK/SLLLLILIGILTALLLL
0.4254975318908691,0.1091169118881225,EQWIFRLYVSIGWGVPLLFVVPWGIVKYLYEDEGCWTRNSNMNYWLIIRLPILFAIGVNFLIFVRVICIVVSKLK/SLLNILLLGIITALLLI
0.4296875,0.1197636425495147,EQWIFRLYVSIGWGVPLLFVVPWGIVKYLYEDEGCWTRNSNMNYWLIIRLPILFAIGVNFLIFVRVICIVVSKLK/SLLGLLLLGLITALLLL
0.4406480193138122,0.1118377149105072,EQWIFRLYVSIGWGVPLLFVVPWGIVKYLYEDEGCWTRNSNMNYWLIIRLPILFAIGVNFLIFVRVICIVVSKLK/SILELILLGIITALLLL
0.4424366354942322,0.1187846288084983,EQWIFRLYVSIGWGVPLLFVVPWGIVKYLYEDEGCWTRNSNMNYWLIIRLPILFAIGVNFLIFVRVICIVVSKLK/SLLEILLLGILTALLLL
0.4458836317062378,0.1208671778440475,EQWIFRLYVSIGWGVPLLFVVPWGIVKYLYEDEGCWTRNSNMNYWLIIRLPILFAIGVNFLIFVRVICIVVSKLK/SLLLILLLGIITALLLL
0.4468821287155151,0.1186479404568672,EQWIFRLYVSIGWGVPLLFVVPWGIVKYLYEDEGCWTRNSNMNYWLIIRLPILFAIGVNFLIFVRVICIVVSKLK/SLLLIILLGIITALLLL
0.4442854523658752,0.1194140017032623,EQWIFRLYVSIGWGVPLLFVVPWGIVKYLYEDEGCWTRNSNMNYWLIIRLPILFAIGVNFLIFVRVICIVVSKLK/SLLLIILLGILTALLLL
0.4442854523658752,0.1194140017032623,EQWIFRLYVSIGWGVPLLFVVPWGIVKYLYEDEGCWTRNSNMNYWLIIRLPILFAIGVNFLIFVRVICIVVSKLK/SLLLIILLGILTALLLL
0.4458836317062378,0.1208671778440475,EQWIFRLYVSIGWGVPLLFVVPWGIVKYLYEDEGCWTRNSNMNYWLIIRLPILFAIGVNFLIFVRVICIVVSKLK/SLLLILLLGIITALLLL
0.4445359706878662,0.1161158978939056,EQWIFRLYVSIGWGVPLLFVVPWGIVKYLYEDEGCWTRNSNMNYWLIIRLPILFAIGVNFLIFVRVICIVVSKLK/SLLLLILIGILTALLLL
0.4478926658630371,0.1201517656445503,EQWIFRLYVSIGWGVPLLFVVPWGIVKYLYEDEGCWTRNSNMNYWLIIRLPILFAIGVNFLIFVRVICIVVSKLK/SILLLILLGIITALLLL
0.4425402879714966,0.1154058724641799,EQWIFRLYVSIGWGVPLLFVVPWGIVKYLYEDEGCWTRNSNMNYWLIIRLPILFAIGVNFLIFVRVICIVVSKLK/SILAIILLGIIAALLLL
0.4468821287155151,0.1186479404568672,EQWIFRLYVSIGWGVPLLFVVPWGIVKYLYEDEGCWTRNSNMNYWLIIRLPILFAIGVNFLIFVRVICIVVSKLK/SLLLIILLGIITALLLL
0.4438958168029785,0.122008629143238,EQWIFRLYVSIGWGVPLLFVVPWGIVKYLYEDEGCWTRNSNMNYWLIIRLPILFAIGVNFLIFVRVICIVVSKLK/SLLELILLGIITAILLL
0.446937084197998,0.1226124539971351,EQWIFRLYVSIGWGVPLLFVVPWGIVKYLYEDEGCWTRNSNMNYWLIIRLPILFAIGVNFLIFVRVICIVVSKLK/SLLLLILLGIITALLLL
0.4363314509391784,0.1221694648265838,EQWIFRLYVSIGWGVPLLFVVPWGIVKYLYEDEGCWTRNSNMNYWLIIRLPILFAIGVNFLIFVRVICIVVSKLK/SLLGIILLGIITALLLL
0.426831305027008,0.1030664518475532,EQWIFRLYVSIGWGVPLLFVVPWGIVKYLYEDEGCWTRNSNMNYWLIIRLPILFAIGVNFLIFVRVICIVVSKLK/SISNLILLGIITALLLL
0.4341148138046264,0.1258613765239715,EQWIFRLYVSIGWGVPLLFVVPWGIVKYLYEDEGCWTRNSNMNYWLIIRLPILFAIGVNFLIFVRVICIVVSKLK/SLLLLLLLGILSALLLL
0.4480224847793579,0.1182135567069053,EQWIFRLYVSIGWGVPLLFVVPWGIVKYLYEDEGCWTRNSNMNYWLIIRLPILFAIGVNFLIFVRVICIVVSKLK/SLLLLILIGIITALLLL
0.436955988407135,0.1098944172263145,EQWIFRLYVSIGWGVPLLFVVPWGIVKYLYEDEGCWTRNSNMNYWLIIRLPILFAIGVNFLIFVRVICIVVSKLK/SLLEILLIGIITALLLL
0.4288468360900879,0.1153381541371345,EQWIFRLYVSIGWGVPLLFVVPWGIVKYLYEDEGCWTRNSNMNYWLIIRLPILFAIGVNFLIFVRVICIVVSKLK/SLLSLLLLGIITALLLL
0.4450132846832275,0.1264295279979705,EQWIFRLYVSIGWGVPLLFVVPWGIVKYLYEDEGCWTRNSNMNYWLIIRLPILFAIGVNFLIFVRVICIVVSKLK/SLLLLLLLGIITALLLL
0.4495903253555298,0.1175976246595382,EQWIFRLYVSIGWGVPLLFVVPWGIVKYLYEDEGCWTRNSNMNYWLIIRLPILFAIGVNFLIFVRVICIVVSKLK/SILLLILIGIITALLLL
0.4426153302192688,0.125197023153305,EQWIFRLYVSIGWGVPLLFVVPWGIVKYLYEDEGCWTRNSNMNYWLIIRLPILFAIGVNFLIFVRVICIVVSKLK/SLLLLLLLGILAALLLL
0.4309535026550293,0.1097919270396232,EQWIFRLYVSIGWGVPLLFVVPWGIVKYLYEDEGCWTRNSNMNYWLIIRLPILFAIGVNFLIFVRVICIVVSKLK/SLEELLALGAYTAALLL
0.446937084197998,0.1226124539971351,EQWIFRLYVSIGWGVPLLFVVPWGIVKYLYEDEGCWTRNSNMNYWLIIRLPILFAIGVNFLIFVRVICIVVSKLK/SLLLLILLGIITALLLL
0.4505472183227539,0.1172762960195541,EQWIFRLYVSIGWGVPLLFVVPWGIVKYLYEDEGCWTRNSNMNYWLIIRLPILFAIGVNFLIFVRVICIVVSKLK/SILEIILLGIITAILLI
0.443442702293396,0.1243527978658676,EQWIFRLYVSIGWGVPLLFVVPWGIVKYLYEDEGCWTRNSNMNYWLIIRLPILFAIGVNFLIFVRVICIVVSKLK/SILLIILLGILSAILLL
0.4429068565368652,0.1204626858234405,EQWIFRLYVSIGWGVPLLFVVPWGIVKYLYEDEGCWTRNSNMNYWLIIRLPILFAIGVNFLIFVRVICIVVSKLK/SLLLLILLGILTALLLL
0.4402844309806824,0.1225477010011673,EQWIFRLYVSIGWGVPLLFVVPWGIVKYLYEDEGCWTRNSNMNYWLIIRLPILFAIGVNFLIFVRVICIVVSKLK/SLLLLLLLGILTALLLL
0.4397380948066711,0.1193287223577499,EQWIFRLYVSIGWGVPLLFVVPWGIVKYLYEDEGCWTRNSNMNYWLIIRLPILFAIGVNFLIFVRVICIVVSKLK/SILLIILLGILAALLLI
0.4402844309806824,0.1225477010011673,EQWIFRLYVSIGWGVPLLFVVPWGIVKYLYEDEGCWTRNSNMNYWLIIRLPILFAIGVNFLIFVRVICIVVSKLK/SLLLLLLLGILTALLLL
0.4398121833801269,0.1216789335012435,EQWIFRLYVSIGWGVPLLFVVPWGIVKYLYEDEGCWTRNSNMNYWLIIRLPILFAIGVNFLIFVRVICIVVSKLK/SLLLLLLLGVITALLLL
0.4341148138046264,0.1258613765239715,EQWIFRLYVSIGWGVPLLFVVPWGIVKYLYEDEGCWTRNSNMNYWLIIRLPILFAIGVNFLIFVRVICIVVSKLK/SLLLLLLLGILSALLLL
0.4458836317062378,0.1208671778440475,EQWIFRLYVSIGWGVPLLFVVPWGIVKYLYEDEGCWTRNSNMNYWLIIRLPILFAIGVNFLIFVRVICIVVSKLK/SLLLILLLGIITALLLL
0.446937084197998,0.1226124539971351,EQWIFRLYVSIGWGVPLLFVVPWGIVKYLYEDEGCWTRNSNMNYWLIIRLPILFAIGVNFLIFVRVICIVVSKLK/SLLLLILLGIITALLLL
0.4341769218444824,0.1096188277006149,EQWIFRLYVSIGWGVPLLFVVPWGIVKYLYEDEGCWTRNSNMNYWLIIRLPILFAIGVNFLIFVRVICIVVSKLK/SPLLILLLGIITALLLL
0.4437600970268249,0.1237181350588798,EQWIFRLYVSIGWGVPLLFVVPWGIVKYLYEDEGCWTRNSNMNYWLIIRLPILFAIGVNFLIFVRVICIVVSKLK/SLLLLLLLGIIAALLLL
0.446937084197998,0.1226124539971351,EQWIFRLYVSIGWGVPLLFVVPWGIVKYLYEDEGCWTRNSNMNYWLIIRLPILFAIGVNFLIFVRVICIVVSKLK/SLLLLILLGIITALLLL
0.4470680952072143,0.1252465695142746,EQWIFRLYVSIGWGVPLLFVVPWGIVKYLYEDEGCWTRNSNMNYWLIIRLPILFAIGVNFLIFVRVICIVVSKLK/SLLLLLLIGIITALLLL
0.4445359706878662,0.1161158978939056,EQWIFRLYVSIGWGVPLLFVVPWGIVKYLYEDEGCWTRNSNMNYWLIIRLPILFAIGVNFLIFVRVICIVVSKLK/SLLLLILIGILTALLLL
0.4409377574920654,0.1179495453834533,EQWIFRLYVSIGWGVPLLFVVPWGIVKYLYEDEGCWTRNSNMNYWLIIRLPILFAIGVNFLIFVRVICIVVSKLK/SLLAILLLGIITALLLL
0.4271913170814514,0.114725649356842,EQWIFRLYVSIGWGVPLLFVVPWGIVKYLYEDEGCWTRNSNMNYWLIIRLPILFAIGVNFLIFVRVICIVVSKLK/SLLGIILLGIITALLLI
0.4442641735076904,0.1133047193288803,EQWIFRLYVSIGWGVPLLFVVPWGIVKYLYEDEGCWTRNSNMNYWLIIRLPILFAIGVNFLIFVRVICIVVSKLK/SLLLIILIGILTALLLL
0.4437199831008911,0.1196801140904426,EQWIFRLYVSIGWGVPLLFVVPWGIVKYLYEDEGCWTRNSNMNYWLIIRLPILFAIGVNFLIFVRVICIVVSKLK/SILALILLGILTALLLL
0.4445359706878662,0.1161158978939056,EQWIFRLYVSIGWGVPLLFVVPWGIVKYLYEDEGCWTRNSNMNYWLIIRLPILFAIGVNFLIFVRVICIVVSKLK/SLLLLILIGILTALLLL
0.4495023488998413,0.122219905257225,EQWIFRLYVSIGWGVPLLFVVPWGIVKYLYEDEGCWTRNSNMNYWLIIRLPILFAIGVNFLIFVRVICIVVSKLK/SILLIILLGIITALLLL
0.4416048526763916,0.1203023940324783,EQWIFRLYVSIGWGVPLLFVVPWGIVKYLYEDEGCWTRNSNMNYWLIIRLPILFAIGVNFLIFVRVICIVVSKLK/SLLLLLLIGILTALLLL
0.4429068565368652,0.1204626858234405,EQWIFRLYVSIGWGVPLLFVVPWGIVKYLYEDEGCWTRNSNMNYWLIIRLPILFAIGVNFLIFVRVICIVVSKLK/SLLLLILLGILTALLLL
0.4345220923423767,0.1111935898661613,EQWIFRLYVSIGWGVPLLFVVPWGIVKYLYEDEGCWTRNSNMNYWLIIRLPILFAIGVNFLIFVRVICIVVSKLK/SLLELILLGIISALLLL
0.4340076446533203,0.123545303940773,EQWIFRLYVSIGWGVPLLFVVPWGIVKYLYEDEGCWTRNSNMNYWLIIRLPILFAIGVNFLIFVRVICIVVSKLK/SLLGILLLGIITAILLL
0.4435539841651916,0.120917834341526,EQWIFRLYVSIGWGVPLLFVVPWGIVKYLYEDEGCWTRNSNMNYWLIIRLPILFAIGVNFLIFVRVICIVVSKLK/SLLLLILLGILAALLLL
0.4402844309806824,0.1225477010011673,EQWIFRLYVSIGWGVPLLFVVPWGIVKYLYEDEGCWTRNSNMNYWLIIRLPILFAIGVNFLIFVRVICIVVSKLK/SLLLLLLLGILTALLLL
0.4442854523658752,0.1194140017032623,EQWIFRLYVSIGWGVPLLFVVPWGIVKYLYEDEGCWTRNSNMNYWLIIRLPILFAIGVNFLIFVRVICIVVSKLK/SLLLIILLGILTALLLL
0.4339503645896911,0.1081048101186752,EQWIFRLYVSIGWGVPLLFVVPWGIVKYLYEDEGCWTRNSNMNYWLIIRLPILFAIGVNFLIFVRVICIVVSKLK/SLLELILLGIIAALLLL
0.4422608017921448,0.1141887158155441,EQWIFRLYVSIGWGVPLLFVVPWGIVKYLYEDEGCWTRNSNMNYWLIIRLPILFAIGVNFLIFVRVICIVVSKLK/SLLLIILIGILAALLLL
0.4341769218444824,0.1096188277006149,EQWIFRLYVSIGWGVPLLFVVPWGIVKYLYEDEGCWTRNSNMNYWLIIRLPILFAIGVNFLIFVRVICIVVSKLK/SPLLILLLGIITALLLL
0.4440604448318481,0.1278208345174789,EQWIFRLYVSIGWGVPLLFVVPWGIVKYLYEDEGCWTRNSNMNYWLIIRLPILFAIGVNFLIFVRVICIVVSKLK/SLLLLLLLGALAALLLL
0.4429068565368652,0.1204626858234405,EQWIFRLYVSIGWGVPLLFVVPWGIVKYLYEDEGCWTRNSNMNYWLIIRLPILFAIGVNFLIFVRVICIVVSKLK/SLLLLILLGILTALLLL
0.4495023488998413,0.122219905257225,EQWIFRLYVSIGWGVPLLFVVPWGIVKYLYEDEGCWTRNSNMNYWLIIRLPILFAIGVNFLIFVRVICIVVSKLK/SILLIILLGIITALLLL
0.4534053802490234,0.1222162917256355,EQWIFRLYVSIGWGVPLLFVVPWGIVKYLYEDEGCWTRNSNMNYWLIIRLPILFAIGVNFLIFVRVICIVVSKLK/SLLEIILLGIITAILLL
0.4401931762695312,0.1132110133767128,EQWIFRLYVSIGWGVPLLFVVPWGIVKYLYEDEGCWTRNSNMNYWLIIRLPILFAIGVNFLIFVRVICIVVSKLK/SLLEIILLGIITALLLL
0.4416048526763916,0.1203023940324783,EQWIFRLYVSIGWGVPLLFVVPWGIVKYLYEDEGCWTRNSNMNYWLIIRLPILFAIGVNFLIFVRVICIVVSKLK/SLLLLLLIGILTALLLL
0.4468821287155151,0.1186479404568672,EQWIFRLYVSIGWGVPLLFVVPWGIVKYLYEDEGCWTRNSNMNYWLIIRLPILFAIGVNFLIFVRVICIVVSKLK/SLLLIILLGIITALLLL
0.4466853737831116,0.1172753572463989,EQWIFRLYVSIGWGVPLLFVVPWGIVKYLYEDEGCWTRNSNMNYWLIIRLPILFAIGVNFLIFVRVICIVVSKLK/SLLLILLIGIITALLLL
0.4191551804542541,0.1156983226537704,EQWIFRLYVSIGWGVPLLFVVPWGIVKYLYEDEGCWTRNSNMNYWLIIRLPILFAIGVNFLIFVRVICIVVSKLK/SLLGLLLLGILTALLLS
0.4426482319831848,0.1262535899877548,EQWIFRLYVSIGWGVPLLFVVPWGIVKYLYEDEGCWTRNSNMNYWLIIRLPILFAIGVNFLIFVRVICIVVSKLK/SLLLLLLLGLLAALLLL
0.4402844309806824,0.1225477010011673,EQWIFRLYVSIGWGVPLLFVVPWGIVKYLYEDEGCWTRNSNMNYWLIIRLPILFAIGVNFLIFVRVICIVVSKLK/SLLLLLLLGILTALLLL
0.4534053802490234,0.1222162917256355,EQWIFRLYVSIGWGVPLLFVVPWGIVKYLYEDEGCWTRNSNMNYWLIIRLPILFAIGVNFLIFVRVICIVVSKLK/SLLEIILLGIITAILLL
0.4466853737831116,0.1172753572463989,EQWIFRLYVSIGWGVPLLFVVPWGIVKYLYEDEGCWTRNSNMNYWLIIRLPILFAIGVNFLIFVRVICIVVSKLK/SLLLILLIGIITALLLL
0.4468821287155151,0.1186479404568672,EQWIFRLYVSIGWGVPLLFVVPWGIVKYLYEDEGCWTRNSNMNYWLIIRLPILFAIGVNFLIFVRVICIVVSKLK/SLLLIILLGIITALLLL
0.4468821287155151,0.1186479404568672,EQWIFRLYVSIGWGVPLLFVVPWGIVKYLYEDEGCWTRNSNMNYWLIIRLPILFAIGVNFLIFVRVICIVVSKLK/SLLLIILLGIITALLLL
0.4429068565368652,0.1204626858234405,EQWIFRLYVSIGWGVPLLFVVPWGIVKYLYEDEGCWTRNSNMNYWLIIRLPILFAIGVNFLIFVRVICIVVSKLK/SLLLLILLGILTALLLL
0.4429053664207458,0.1192550957202911,EQWIFRLYVSIGWGVPLLFVVPWGIVKYLYEDEGCWTRNSNMNYWLIIRLPILFAIGVNFLIFVRVICIVVSKLK/SILLIILLGILAALLLL
0.4401931762695312,0.1132110133767128,EQWIFRLYVSIGWGVPLLFVVPWGIVKYLYEDEGCWTRNSNMNYWLIIRLPILFAIGVNFLIFVRVICIVVSKLK/SLLEIILLGIITALLLL
0.4345357418060303,0.1175541207194328,EQWIFRLYVSIGWGVPLLFVVPWGIVKYLYEDEGCWTRNSNMNYWLIIRLPILFAIGVNFLIFVRVICIVVSKLK/SLLLILLIGILSALLLL
0.44159996509552,0.1176004484295845,EQWIFRLYVSIGWGVPLLFVVPWGIVKYLYEDEGCWTRNSNMNYWLIIRLPILFAIGVNFLIFVRVICIVVSKLK/SLLAIILLGILTALLLL
0.4470680952072143,0.1252465695142746,EQWIFRLYVSIGWGVPLLFVVPWGIVKYLYEDEGCWTRNSNMNYWLIIRLPILFAIGVNFLIFVRVICIVVSKLK/SLLLLLLIGIITALLLL
0.4450132846832275,0.1264295279979705,EQWIFRLYVSIGWGVPLLFVVPWGIVKYLYEDEGCWTRNSNMNYWLIIRLPILFAIGVNFLIFVRVICIVVSKLK/SLLLLLLLGIITALLLL
0.4449952840805053,0.1197985783219337,EQWIFRLYVSIGWGVPLLFVVPWGIVKYLYEDEGCWTRNSNMNYWLIIRLPILFAIGVNFLIFVRVICIVVSKLK/SLLFIILLGIITALLLL
0.4461224675178528,0.1155788153409957,EQWIFRLYVSIGWGVPLLFVVPWGIVKYLYEDEGCWTRNSNMNYWLIIRLPILFAIGVNFLIFVRVICIVVSKLK/SILLLILIGILTALLLL
0.4357051849365234,0.1160931140184402,EQWIFRLYVSIGWGVPLLFVVPWGIVKYLYEDEGCWTRNSNMNYWLIIRLPILFAIGVNFLIFVRVICIVVSKLK/SLSLIILLGIITALLLL
0.4352172613143921,0.1181354448199272,EQWIFRLYVSIGWGVPLLFVVPWGIVKYLYEDEGCWTRNSNMNYWLIIRLPILFAIGVNFLIFVRVICIVVSKLK/SLLELLLLGIITALLLL
0.4280236959457397,0.117531307041645,EQWIFRLYVSIGWGVPLLFVVPWGIVKYLYEDEGCWTRNSNMNYWLIIRLPILFAIGVNFLIFVRVICIVVSKLK/SLLDLLLLGIITALLLL
0.4424366354942322,0.1187846288084983,EQWIFRLYVSIGWGVPLLFVVPWGIVKYLYEDEGCWTRNSNMNYWLIIRLPILFAIGVNFLIFVRVICIVVSKLK/SLLEILLLGILTALLLL
0.4468821287155151,0.1186479404568672,EQWIFRLYVSIGWGVPLLFVVPWGIVKYLYEDEGCWTRNSNMNYWLIIRLPILFAIGVNFLIFVRVICIVVSKLK/SLLLIILLGIITALLLL
0.4341769218444824,0.1096188277006149,EQWIFRLYVSIGWGVPLLFVVPWGIVKYLYEDEGCWTRNSNMNYWLIIRLPILFAIGVNFLIFVRVICIVVSKLK/SPLLILLLGIITALLLL
0.5589957237243652,0.0820226073265075,WIFRLYVSIGWGVPLLFVVPWGIVKYLY/PFPVALLVGIVLALLALLL
0.5294278860092163,0.0688800066709518,WIFRLYVSIGWGVPLLFVVPWGIVKYLY/VWPVALVLLLAILGLLLLR
0.5350607633590698,0.0674256011843681,WIFRLYVSIGWGVPLLFVVPWGIVKYLY/VNPVALLLGIVLALLRALL
0.5377752780914307,0.0678208842873573,WIFRLYVSIGWGVPLLFVVPWGIVKYLY/PFPVALAIAAALAALAAER
0.6002807021141052,0.1048901677131652,WIFRLYVSIGWGVPLLFVVPWGIVKYLY/VNLIALIVALIIALILAEL
0.5726572275161743,0.098069354891777,WIFRLYVSIGWGVPLLFVVPWGIVKYLY/VNPVALIVGIILALLGALL
0.5469664335250854,0.0810720100998878,WIFRLYVSIGWGVPLLFVVPWGIVKYLY/VNPVALLLGLILALLRLLE
0.6113213300704956,0.1241477578878402,WIFRLYVSIGWGVPLLFVVPWGIVKYLY/VNPVALILLLVLLLISLLL
0.565687894821167,0.0965490341186523,WIFRLYVSIGWGVPLLFVVPWGIVKYLY/VWLPGLILLIVLAFLRLLE
0.524817943572998,0.0656652450561523,WIFRLYVSIGWGVPLLFVVPWGIVKYLY/VNPVALVVGLVLALLRALL
0.5425644516944885,0.0674029067158699,WIFRLYVSIGWGVPLLFVVPWGIVKYLY/KWLPALIVDAILAALEALR
0.5654354095458984,0.0813616886734962,WIFRLYVSIGWGVPLLFVVPWGIVKYLY/PFPVALLLLLLLLLLELLR
0.5423867106437683,0.0655555427074432,WIFRLYVSIGWGVPLLFVVPWGIVKYLY/VWPVALLLLLVLLLLELLR
0.5357924103736877,0.069257728755474,WIFRLYVSIGWGVPLLFVVPWGIVKYLY/VNPVALLVGLLLALLRLLL
0.5312877893447876,0.0760454982519149,WIFRLYVSIGWGVPLLFVVPWGIVKYLY/VNPVALIVLLVLLALYLLR
0.5334820747375488,0.0699250772595405,WIFRLYVSIGWGVPLLFVVPWGIVKYLY/VNPVALVLLAVLLAIRLLR
0.5941373109817505,0.1041217595338821,WIFRLYVSIGWGVPLLFVVPWGIVKYLY/VNPVALLVLLVLLLLALLE
0.5552819967269897,0.0758209973573684,WIFRLYVSIGWGVPLLFVVPWGIVKYLY/VNPVALLLLLVLLALELLR
0.588925302028656,0.0862971395254135,WIFRLYVSIGWGVPLLFVVPWGIVKYLY/VNPVALILDIILAILRALE
0.6001071929931641,0.0992185398936271,WIFRLYVSIGWGVPLLFVVPWGIVKYLY/VFVPALIVLILLAILAALR
0.562936544418335,0.0769033804535865,WIFRLYVSIGWGVPLLFVVPWGIVKYLY/VNPVALVLLLLLLLVLLLL
0.5819088816642761,0.1083867251873016,WIFRLYVSIGWGVPLLFVVPWGIVKYLY/VNPVALLVEIVLALLELLR
0.5422273874282837,0.0618125572800636,WIFRLYVSIGWGVPLLFVVPWGIVKYLY/VWLPALILGALLALLAALR
0.5039673447608948,0.0810726806521415,WIFRLYVSIGWGVPLLFVVPWGIVKYLY/KWVPALLLDIILELLRELE
0.5550843477249146,0.0725762173533439,WIFRLYVSIGWGVPLLFVVPWGIVKYLY/VWLPALLIGLLLLFLELLR
0.556399405002594,0.0777451246976852,WIFRLYVSIGWGVPLLFVVPWGIVKYLY/VNPVALLVALLLLAILLLR
0.522843599319458,0.0422958172857761,WIFRLYVSIGWGVPLLFVVPWGIVKYLY/EWVPALIVDEILERLREEL
0.5845986604690552,0.1089474037289619,WIFRLYVSIGWGVPLLFVVPWGIVKYLY/PWPVALVVLLLLLLILLLE
0.5359060764312744,0.0701377987861633,WIFRLYVSIGWGVPLLFVVPWGIVKYLY/VNPVALVVLLLLALLRLLA
0.5278830528259277,0.0570920892059803,WIFRLYVSIGWGVPLLFVVPWGIVKYLY/VWPVALLVGLFLALLAALA
0.5231562852859497,0.0545468479394912,WIFRLYVSIGWGVPLLFVVPWGIVKYLY/VWPVAAVVAAVLAALAAAA
0.5800123810768127,0.1009356677532196,WIFRLYVSIGWGVPLLFVVPWGIVKYLY/VNPVALLVGLVLLLIALLL
0.5460996031761169,0.0679811090230941,WIFRLYVSIGWGVPLLFVVPWGIVKYLY/VFPVALIVAAILALLRALL
0.5487111806869507,0.0624302364885807,WIFRLYVSIGWGVPLLFVVPWGIVKYLY/VNPVALLVLLLLALLRALA
0.5254380702972412,0.0596829168498516,WIFRLYVSIGWGVPLLFVVPWGIVKYLY/VWPVALLVAAVLAALRALL
0.6070575714111328,0.103219136595726,WIFRLYVSIGWGVPLLFVVPWGIVKYLY/VNPVALIVLLVLLLLLALL
0.5639040470123291,0.0894255936145782,WIFRLYVSIGWGVPLLFVVPWGIVKYLY/VFPVALLVGLILLLLELLR
0.5428706407546997,0.0740529745817184,WIFRLYVSIGWGVPLLFVVPWGIVKYLY/VNPVALLLGLLLAFLRLLE
0.5464733839035034,0.0768211558461189,WIFRLYVSIGWGVPLLFVVPWGIVKYLY/EFPVALLVAAVLAALEALR
0.5616347193717957,0.078853540122509,WIFRLYVSIGWGVPLLFVVPWGIVKYLY/VNPVALLVALLLALLALLR
0.5701591968536377,0.077773168683052,WIFRLYVSIGWGVPLLFVVPWGIVKYLY/PWPVALILDAILALLEALR
0.6221753358840942,0.1051715165376663,WIFRLYVSIGWGVPLLFVVPWGIVKYLY/VNPVALIIDALLEALEALL
0.5212616920471191,0.0618436969816684,WIFRLYVSIGWGVPLLFVVPWGIVKYLY/VWVPGLLVGALLALLAALR
0.5541129112243652,0.0770822614431381,WIFRLYVSIGWGVPLLFVVPWGIVKYLY/VWLPALLLGLILLLIELLR
0.5498126745223999,0.0777400359511375,WIFRLYVSIGWGVPLLFVVPWGIVKYLY/VNPVALIVGLLLAFLRALR
0.5255197286605835,0.0633314922451973,WIFRLYVSIGWGVPLLFVVPWGIVKYLY/PWLPALLLGLVIAFLRLLS
0.543953001499176,0.0713845342397689,WIFRLYVSIGWGVPLLFVVPWGIVKYLY/VWLPALILGIILLEIYLRR
0.5534316301345825,0.0798394978046417,WIFRLYVSIGWGVPLLFVVPWGIVKYLY/VNPVALLVGLILAFLRLLE
0.5295063257217407,0.0565237030386924,WIFRLYVSIGWGVPLLFVVPWGIVKYLY/VWPVALVLAAVLAALAAAA
0.559144139289856,0.0738684013485908,WIFRLYVSIGWGVPLLFVVPWGIVKYLY/VNPVALLVGILLALLAALA
0.5729413032531738,0.0888336077332496,WIFRLYVSIGWGVPLLFVVPWGIVKYLY/PNLVALLIGILLAFLALLR
0.5523631572723389,0.072030983865261,WIFRLYVSIGWGVPLLFVVPWGIVKYLY/VWVPALLVLIVLLLLELLR
0.5303868651390076,0.077009305357933,WIFRLYVSIGWGVPLLFVVPWGIVKYLY/VNPVALVVGLLLALLRLLE
0.586071789264679,0.1018788740038871,WIFRLYVSIGWGVPLLFVVPWGIVKYLY/VFVPGLIVLLLLLTLLLLL
0.574028491973877,0.0845509245991706,WIFRLYVSIGWGVPLLFVVPWGIVKYLY/VNPVALIVGLLLALLAALA
0.524734616279602,0.0694248080253601,WIFRLYVSIGWGVPLLFVVPWGIVKYLY/VWPVGLIVLLLLLFLELLR
0.5198115110397339,0.0643807426095008,WIFRLYVSIGWGVPLLFVVPWGIVKYLY/VNPVALVVGLVLAALRALA
0.5602376461029053,0.101985789835453,WIFRLYVSIGWGVPLLFVVPWGIVKYLY/VNPVALIVLLVLGLLELLR
0.5754307508468628,0.0767333507537841,WIFRLYVSIGWGVPLLFVVPWGIVKYLY/VFLPALILLLVILLLLLLL
0.5572716593742371,0.0792546570301055,WIFRLYVSIGWGVPLLFVVPWGIVKYLY/VNPVALLVGLLLAFLGALL
0.5767251253128052,0.1063287183642387,WIFRLYVSIGWGVPLLFVVPWGIVKYLY/VNPVALIVLLLLLLIWLLR
0.508371114730835,0.0631276592612266,WIFRLYVSIGWGVPLLFVVPWGIVKYLY/VWIPALLLGILLLFIRLLQ
0.5428930521011353,0.065179131925106,WIFRLYVSIGWGVPLLFVVPWGIVKYLY/VWPVALVVDIILALLRALR
0.5986220240592957,0.0994625091552734,WIFRLYVSIGWGVPLLFVVPWGIVKYLY/VNPVALVLDILLALIAALL
0.5102313756942749,0.0684817433357238,WIFRLYVSIGWGVPLLFVVPWGIVKYLY/PWLPALLIARLLAELRRRR
0.5806909799575806,0.0949275344610214,WIFRLYVSIGWGVPLLFVVPWGIVKYLY/VNIVALIVGIILALIEALR
0.5538727045059204,0.0887955650687217,WIFRLYVSIGWGVPLLFVVPWGIVKYLY/VNPVALVVGIVLALLELLR
0.5584017038345337,0.07623952627182,WIFRLYVSIGWGVPLLFVVPWGIVKYLY/VWPVALIVALVLAFLRLLE
0.5493274927139282,0.0667773634195327,WIFRLYVSIGWGVPLLFVVPWGIVKYLY/VNPVALVLLLLLLLLALLR
0.5753533840179443,0.0887078717350959,WIFRLYVSIGWGVPLLFVVPWGIVKYLY/VNPVALVVLLVLALLAALR
0.5770058631896973,0.0939396172761917,WIFRLYVSIGWGVPLLFVVPWGIVKYLY/VNPVALVVLILLALLALLR
0.5406957864761353,0.0696493610739708,WIFRLYVSIGWGVPLLFVVPWGIVKYLY/VWLPALLVLIVLLLEELLR
0.5364760160446167,0.0604239702224731,WIFRLYVSIGWGVPLLFVVPWGIVKYLY/VFPVALILDIILAALRALE
0.5476903319358826,0.0721578076481819,WIFRLYVSIGWGVPLLFVVPWGIVKYLY/VWPVALLVDILLALLEALR
0.5201746225357056,0.0573769956827163,WIFRLYVSIGWGVPLLFVVPWGIVKYLY/VNPVALALAAVLAALRALL
0.5687103271484375,0.0774563327431678,WIFRLYVSIGWGVPLLFVVPWGIVKYLY/VNPVALFVLLVLLFLYLLR
0.5731940269470215,0.0922011286020279,WIFRLYVSIGWGVPLLFVVPWGIVKYLY/VNPVALLVLLLLGLLALLL
0.6038596630096436,0.1294611692428589,WIFRLYVSIGWGVPLLFVVPWGIVKYLY/PNLVGLIIAIVLALLELLR
0.5317089557647705,0.0643792599439621,WIFRLYVSIGWGVPLLFVVPWGIVKYLY/VWVPALVVGLLLALIALLL
0.5424941182136536,0.0695817917585372,WIFRLYVSIGWGVPLLFVVPWGIVKYLY/VWPVALLVAAVLAAIAAAR
0.5419299602508545,0.0885285437107086,WIFRLYVSIGWGVPLLFVVPWGIVKYLY/VNPVALVVGAVLALLRLLE
0.4979820847511291,0.0616192668676376,WIFRLYVSIGWGVPLLFVVPWGIVKYLY/PFPVALLLGLLLLLLRLLR
0.5553948879241943,0.097137376666069,WIFRLYVSIGWGVPLLFVVPWGIVKYLY/VWPVALLVLIVLGLLELLR
0.5418673753738403,0.0742179155349731,WIFRLYVSIGWGVPLLFVVPWGIVKYLY/VWPVALVLGLVLALLEALR
0.5700021982192993,0.0995989218354225,WIFRLYVSIGWGVPLLFVVPWGIVKYLY/VNPVALLVLIVLALLRLLE
0.5270796418190002,0.0678345635533332,WIFRLYVSIGWGVPLLFVVPWGIVKYLY/VWPVALLVDILLALLRLLE
0.5463458299636841,0.0757535770535469,WIFRLYVSIGWGVPLLFVVPWGIVKYLY/VFPVALLVAIVLALLRLLE
0.5821900367736816,0.1150858998298645,WIFRLYVSIGWGVPLLFVVPWGIVKYLY/VFVPALILLIILGLLELLR
0.5470962524414062,0.0884097591042518,WIFRLYVSIGWGVPLLFVVPWGIVKYLY/KWLPALLLGIILALLRLLE
0.5597571134567261,0.0829754024744033,WIFRLYVSIGWGVPLLFVVPWGIVKYLY/VNPVALLVALVLALLRLLE
0.6066581010818481,0.1102275922894477,WIFRLYVSIGWGVPLLFVVPWGIVKYLY/VNPVALIVLILLAILAALR
0.5883693695068359,0.0955799221992492,WIFRLYVSIGWGVPLLFVVPWGIVKYLY/VNPVALVVLLVLAFLELLR
0.540198028087616,0.0657023638486862,WIFRLYVSIGWGVPLLFVVPWGIVKYLY/VNPVALVLAVVLALLRALL
0.5828413963317871,0.0962189808487892,WIFRLYVSIGWGVPLLFVVPWGIVKYLY/VNPVALIVLLLLLLLELLR
0.5393649339675903,0.0712422281503677,WIFRLYVSIGWGVPLLFVVPWGIVKYLY/VWPVALVVLALLAAIAEEL
0.5084765553474426,0.0659799352288246,WIFRLYVSIGWGVPLLFVVPWGIVKYLY/VNPVALVVGLLLLLIRLLR
0.565503716468811,0.087691456079483,WIFRLYVSIGWGVPLLFVVPWGIVKYLY/VWPVALLIDLLLLLIELLR
0.5749008655548096,0.0882828906178474,WIFRLYVSIGWGVPLLFVVPWGIVKYLY/PWVPALVLAIVLALLEALR
0.5836085081100464,0.0808381289243698,WIFRLYVSIGWGVPLLFVVPWGIVKYLY/VNPVALLLDIILAAIEALR
0.5311771631240845,0.0705493092536926,WIFRLYVSIGWGVPLLFVVPWGIVKYLY/PFPVALLIGLLLAFIRLLR
0.5702002048492432,0.0728749334812164,WIFRLYVSIGWGVPLLFVVPWGIVKYLY/VFVPALILAILLALLALLR
0.5124319791793823,0.0673676580190658,WIFRLYVSIGWGVPLLFVVPWGIVKYLY/VNPVALVIGLLLALLRLLR
0.5161406397819519,0.0645539015531539,WIFRLYVSIGWGVPLLFVVPWGIVKYLY/VNPVALVVGLVLLFLRLLR
0.5626038312911987,0.083648607134819,WIFRLYVSIGWGVPLLFVVPWGIVKYLY/TWPVALIVAALLALIRALE
0.5828433036804199,0.0940527319908142,WIFRLYVSIGWGVPLLFVVPWGIVKYLY/VNPVALLVGIFLALLALLL
0.5713275671005249,0.0967122390866279,WIFRLYVSIGWGVPLLFVVPWGIVKYLY/VNPVALLLAIVLLLIRLLE
0.5708286762237549,0.0921085402369499,WIFRLYVSIGWGVPLLFVVPWGIVKYLY/VNPVALIVLILLAAIRLAE
0.5199666023254395,0.0682590007781982,WIFRLYVSIGWGVPLLFVVPWGIVKYLY/PFPVGLLVAVLLALLRALR
0.5647304058074951,0.1014843210577964,WIFRLYVSIGWGVPLLFVVPWGIVKYLY/PFPVALVLEAVLLLIELLR
0.59723299741745,0.1131540909409523,WIFRLYVSIGWGVPLLFVVPWGIVKYLY/VNPVALLVLIVLALLALLE
0.546129584312439,0.082287773489952,WIFRLYVSIGWGVPLLFVVPWGIVKYLY/VFPVGLIVGLILALLELLR
0.5306192636489868,0.0594555549323558,WIFRLYVSIGWGVPLLFVVPWGIVKYLY/VWPVALVLLLVLLFLRLLE
0.5675145387649536,0.0831436142325401,WIFRLYVSIGWGVPLLFVVPWGIVKYLY/PNPVALVVAALLAALRALA
0.5017582774162292,0.0617064572870731,WIFRLYVSIGWGVPLLFVVPWGIVKYLY/VNPVALVVGLLLLLLKLLL
0.5413157939910889,0.0766177773475647,WIFRLYVSIGWGVPLLFVVPWGIVKYLY/VNPVALLVGILLALLALLR
0.5482875108718872,0.072259210050106,WIFRLYVSIGWGVPLLFVVPWGIVKYLY/VNPVALLLGALLALIEALR
0.5301997661590576,0.0701471269130706,WIFRLYVSIGWGVPLLFVVPWGIVKYLY/VNPVALVVLILLLFLRLLR
0.5442889332771301,0.0662402957677841,WIFRLYVSIGWGVPLLFVVPWGIVKYLY/VWLPALILGALLLALELLR
0.5282580852508545,0.0606822222471237,WIFRLYVSIGWGVPLLFVVPWGIVKYLY/VNPVALLVLLLLLLLRLLR
0.5301762819290161,0.0554647706449031,WIFRLYVSIGWGVPLLFVVPWGIVKYLY/VNPVLLVVLAVLAALRAAE
0.4650605916976928,0.1542137265205383,SLWETVQKWREYRRQCQRSLTEDPPPATDLFCNRTFDEYACWPDGEPGSFVNVSCPWYLPWASSVPQGHVYRFCTAEGLWL/SLEVALELALALLRRLLELE
0.4604984521865845,0.1371520757675171,SLWETVQKWREYRRQCQRSLTEDPPPATDLFCNRTFDEYACWPDGEPGSFVNVSCPWYLPWASSVPQGHVYRFCTAEGLWL/SAAVAAELAAAALRAALEAA
0.5012291073799133,0.1002926528453826,SLWETVQKWREYRRQCQRSLTEDPPPATDLFCNRTFDEYACWPDGEPGSFVNVSCPWYLPWASSVPQGHVYRFCTAEGLWL/AAEVAAALALALAALLALLA
0.5228735208511353,0.2047237306833267,SLWETVQKWREYRRQCQRSLTEDPPPATDLFCNRTFDEYACWPDGEPGSFVNVSCPWYLPWASSVPQGHVYRFCTAEGLWL/SEEVREELERLRRLLEELRR
0.4794641733169555,0.1553123593330383,SLWETVQKWREYRRQCQRSLTEDPPPATDLFCNRTFDEYACWPDGEPGSFVNVSCPWYLPWASSVPQGHVYRFCTAEGLWL/SEEVAAALAAAARLAEELAR
0.4312623143196106,0.1162681728601455,SLWETVQKWREYRRQCQRSLTEDPPPATDLFCNRTFDEYACWPDGEPGSFVNVSCPWYLPWASSVPQGHVYRFCTAEGLWL/SEEVAAALALALALAAAAAA
0.5120820999145508,0.1865071803331375,SLWETVQKWREYRRQCQRSLTEDPPPATDLFCNRTFDEYACWPDGEPGSFVNVSCPWYLPWASSVPQGHVYRFCTAEGLWL/AEEVRQELEEALRALEEALR
0.4898971319198608,0.16525399684906,SLWETVQKWREYRRQCQRSLTEDPPPATDLFCNRTFDEYACWPDGEPGSFVNVSCPWYLPWASSVPQGHVYRFCTAEGLWL/SEEVRRELLEALERARREAE
0.5007680058479309,0.1640667021274566,SLWETVQKWREYRRQCQRSLTEDPPPATDLFCNRTFDEYACWPDGEPGSFVNVSCPWYLPWASSVPQGHVYRFCTAEGLWL/SEEVREELLALLERLRRELE
0.5027354955673218,0.1778508424758911,SLWETVQKWREYRRQCQRSLTEDPPPATDLFCNRTFDEYACWPDGEPGSFVNVSCPWYLPWASSVPQGHVYRFCTAEGLWL/SEEVREELERLLRELEERRR
0.5145299434661865,0.0790700539946556,SLWETVQKWREYRRQCQRSLTEDPPPATDLFCNRTFDEYACWPDGEPGSFVNVSCPWYLPWASSVPQGHVYRFCTAEGLWL/AAEVAAALAALAAALAAALA
0.4005686640739441,0.1774403899908065,SLWETVQKWREYRRQCQRSLTEDPPPATDLFCNRTFDEYACWPDGEPGSFVNVSCPWYLPWASSVPQGHVYRFCTAEGLWL/AEEVARELAEALLAAAAAAA
0.4970196485519409,0.0952735394239425,SLWETVQKWREYRRQCQRSLTEDPPPATDLFCNRTFDEYACWPDGEPGSFVNVSCPWYLPWASSVPQGHVYRFCTAEGLWL/SAEVAAELAALLAALAALLE
0.4363201856613159,0.1154846176505088,SLWETVQKWREYRRQCQRSLTEDPPPATDLFCNRTFDEYACWPDGEPGSFVNVSCPWYLPWASSVPQGHVYRFCTAEGLWL/AAEVAAALALAAAAAAAAAA
0.4973366260528564,0.1828223615884781,SLWETVQKWREYRRQCQRSLTEDPPPATDLFCNRTFDEYACWPDGEPGSFVNVSCPWYLPWASSVPQGHVYRFCTAEGLWL/SEEVRRELEEALRRLLEELR
0.4540298581123352,0.1424855291843414,SLWETVQKWREYRRQCQRSLTEDPPPATDLFCNRTFDEYACWPDGEPGSFVNVSCPWYLPWASSVPQGHVYRFCTAEGLWL/SEEVRAELERALAQRLAEEA
0.5273004174232483,0.2141881734132766,SLWETVQKWREYRRQCQRSLTEDPPPATDLFCNRTFDEYACWPDGEPGSFVNVSCPWYLPWASSVPQGHVYRFCTAEGLWL/SEEVRRELEELLRRLREELE
0.4923746585845947,0.1858424395322799,SLWETVQKWREYRRQCQRSLTEDPPPATDLFCNRTFDEYACWPDGEPGSFVNVSCPWYLPWASSVPQGHVYRFCTAEGLWL/SEEVRRALELALRRLREELE
0.5032432079315186,0.0802958160638809,SLWETVQKWREYRRQCQRSLTEDPPPATDLFCNRTFDEYACWPDGEPGSFVNVSCPWYLPWASSVPQGHVYRFCTAEGLWL/AAEVAAALAAALAALAAALA
0.4614843130111694,0.0980927199125289,SLWETVQKWREYRRQCQRSLTEDPPPATDLFCNRTFDEYACWPDGEPGSFVNVSCPWYLPWASSVPQGHVYRFCTAEGLWL/AEEVEEELRRLEEERRRREL
0.4882696866989136,0.1570517867803573,SLWETVQKWREYRRQCQRSLTEDPPPATDLFCNRTFDEYACWPDGEPGSFVNVSCPWYLPWASSVPQGHVYRFCTAEGLWL/SEEVRRALEEALKRLEEELR
0.5054374933242798,0.1861087828874588,SLWETVQKWREYRRQCQRSLTEDPPPATDLFCNRTFDEYACWPDGEPGSFVNVSCPWYLPWASSVPQGHVYRFCTAEGLWL/SEEVARELEEALRRLEEERR
0.4762977361679077,0.1149595826864242,SLWETVQKWREYRRQCQRSLTEDPPPATDLFCNRTFDEYACWPDGEPGSFVNVSCPWYLPWASSVPQGHVYRFCTAEGLWL/SAEVLAALLAALASALLAAL
0.5514441728591919,0.2513243556022644,SLWETVQKWREYRRQCQRSLTEDPPPATDLFCNRTFDEYACWPDGEPGSFVNVSCPWYLPWASSVPQGHVYRFCTAEGLWL/SEEVLRALRLAEEAARRAAE
0.4907196760177612,0.1875143945217132,SLWETVQKWREYRRQCQRSLTEDPPPATDLFCNRTFDEYACWPDGEPGSFVNVSCPWYLPWASSVPQGHVYRFCTAEGLWL/AEEVERELREALRRLEEEAA
0.4695948362350464,0.1485033333301544,SLWETVQKWREYRRQCQRSLTEDPPPATDLFCNRTFDEYACWPDGEPGSFVNVSCPWYLPWASSVPQGHVYRFCTAEGLWL/SEEVREELERLLAELAARAA
0.483462929725647,0.156814619898796,SLWETVQKWREYRRQCQRSLTEDPPPATDLFCNRTFDEYACWPDGEPGSFVNVSCPWYLPWASSVPQGHVYRFCTAEGLWL/AAEVEQELAALLAEARAAAE
0.4969202280044555,0.1523151248693466,SLWETVQKWREYRRQCQRSLTEDPPPATDLFCNRTFDEYACWPDGEPGSFVNVSCPWYLPWASSVPQGHVYRFCTAEGLWL/SEEVAEELKLLAEELERKAR
0.499733567237854,0.156625434756279,SLWETVQKWREYRRQCQRSLTEDPPPATDLFCNRTFDEYACWPDGEPGSFVNVSCPWYLPWASSVPQGHVYRFCTAEGLWL/SEEVRAALEALLEALRRLAE
0.4890352487564087,0.1642033755779266,SLWETVQKWREYRRQCQRSLTEDPPPATDLFCNRTFDEYACWPDGEPGSFVNVSCPWYLPWASSVPQGHVYRFCTAEGLWL/SEEVARALREALEAARRAAE
0.5016492605209351,0.0700435638427734,SLWETVQKWREYRRQCQRSLTEDPPPATDLFCNRTFDEYACWPDGEPGSFVNVSCPWYLPWASSVPQGHVYRFCTAEGLWL/SAEVAAALAALLAALAALAA
0.4753850698471069,0.1466314196586609,SLWETVQKWREYRRQCQRSLTEDPPPATDLFCNRTFDEYACWPDGEPGSFVNVSCPWYLPWASSVPQGHVYRFCTAEGLWL/SEEVRRALLEAEAAARRAAE
0.518696665763855,0.2098346650600433,SLWETVQKWREYRRQCQRSLTEDPPPATDLFCNRTFDEYACWPDGEPGSFVNVSCPWYLPWASSVPQGHVYRFCTAEGLWL/AEEVRRELEELLRRLREELE
0.4816747307777405,0.1189195215702056,SLWETVQKWREYRRQCQRSLTEDPPPATDLFCNRTFDEYACWPDGEPGSFVNVSCPWYLPWASSVPQGHVYRFCTAEGLWL/SEEVRRELEERLRREEEERR
0.4793281555175781,0.1815337687730789,SLWETVQKWREYRRQCQRSLTEDPPPATDLFCNRTFDEYACWPDGEPGSFVNVSCPWYLPWASSVPQGHVYRFCTAEGLWL/SEEVEEELRLARELLERLRR
0.4875322580337524,0.1719907820224762,SLWETVQKWREYRRQCQRSLTEDPPPATDLFCNRTFDEYACWPDGEPGSFVNVSCPWYLPWASSVPQGHVYRFCTAEGLWL/AEEVREELRRALEAAERAAA
0.4948033094406128,0.170207679271698,SLWETVQKWREYRRQCQRSLTEDPPPATDLFCNRTFDEYACWPDGEPGSFVNVSCPWYLPWASSVPQGHVYRFCTAEGLWL/SEEVREELERLLKELEERLR
0.4863376021385193,0.0902386009693145,SLWETVQKWREYRRQCQRSLTEDPPPATDLFCNRTFDEYACWPDGEPGSFVNVSCPWYLPWASSVPQGHVYRFCTAEGLWL/SLSVLLAGLLALLAALLAAL
0.5104255080223083,0.1852879673242569,SLWETVQKWREYRRQCQRSLTEDPPPATDLFCNRTFDEYACWPDGEPGSFVNVSCPWYLPWASSVPQGHVYRFCTAEGLWL/SEEVEEELKRALEELEEALR
0.5176674127578735,0.1908280849456787,SLWETVQKWREYRRQCQRSLTEDPPPATDLFCNRTFDEYACWPDGEPGSFVNVSCPWYLPWASSVPQGHVYRFCTAEGLWL/SEEVEEELRRRLEELERRRR
0.4974499940872192,0.1721939444541931,SLWETVQKWREYRRQCQRSLTEDPPPATDLFCNRTFDEYACWPDGEPGSFVNVSCPWYLPWASSVPQGHVYRFCTAEGLWL/AEEVLEELLRALEEALRAAA
0.4324623346328735,0.0715410411357879,SLWETVQKWREYRRQCQRSLTEDPPPATDLFCNRTFDEYACWPDGEPGSFVNVSCPWYLPWASSVPQGHVYRFCTAEGLWL/SAEVAAALAAAAAAAAAAAA
0.487908124923706,0.1544508188962936,SLWETVQKWREYRRQCQRSLTEDPPPATDLFCNRTFDEYACWPDGEPGSFVNVSCPWYLPWASSVPQGHVYRFCTAEGLWL/SEEVRQALLEALRALAEAAA
0.49038827419281,0.1783188581466674,SLWETVQKWREYRRQCQRSLTEDPPPATDLFCNRTFDEYACWPDGEPGSFVNVSCPWYLPWASSVPQGHVYRFCTAEGLWL/SEEVRRELERLLAEAERRAL
0.4077255129814148,0.0887139961123466,SLWETVQKWREYRRQCQRSLTEDPPPATDLFCNRTFDEYACWPDGEPGSFVNVSCPWYLPWASSVPQGHVYRFCTAEGLWL/SAEVRAALLAALAAAAAAAA
0.4281368255615234,0.0808831676840782,SLWETVQKWREYRRQCQRSLTEDPPPATDLFCNRTFDEYACWPDGEPGSFVNVSCPWYLPWASSVPQGHVYRFCTAEGLWL/AAEVAAELAAAAAAAAAAAE
0.4728179574012756,0.1538770943880081,SLWETVQKWREYRRQCQRSLTEDPPPATDLFCNRTFDEYACWPDGEPGSFVNVSCPWYLPWASSVPQGHVYRFCTAEGLWL/GEEVREALEEALRRLEEELR
0.4799907207489013,0.1772378087043762,SLWETVQKWREYRRQCQRSLTEDPPPATDLFCNRTFDEYACWPDGEPGSFVNVSCPWYLPWASSVPQGHVYRFCTAEGLWL/SEEVREALERAEKLARLLAE
0.5228233933448792,0.1965053677558899,SLWETVQKWREYRRQCQRSLTEDPPPATDLFCNRTFDEYACWPDGEPGSFVNVSCPWYLPWASSVPQGHVYRFCTAEGLWL/SAEVAEELRQLLEELRRLAE
0.4292601346969604,0.1209263727068901,SLWETVQKWREYRRQCQRSLTEDPPPATDLFCNRTFDEYACWPDGEPGSFVNVSCPWYLPWASSVPQGHVYRFCTAEGLWL/AAEVAAALALAAAAALAAAA
0.4523314833641052,0.1223832368850708,SLWETVQKWREYRRQCQRSLTEDPPPATDLFCNRTFDEYACWPDGEPGSFVNVSCPWYLPWASSVPQGHVYRFCTAEGLWL/AEEVRRALAEAAAAAEAAAL
0.4722739458084106,0.124663308262825,SLWETVQKWREYRRQCQRSLTEDPPPATDLFCNRTFDEYACWPDGEPGSFVNVSCPWYLPWASSVPQGHVYRFCTAEGLWL/SQEVLEELQKALQELLERLR
0.5090903043746948,0.1906746178865432,SLWETVQKWREYRRQCQRSLTEDPPPATDLFCNRTFDEYACWPDGEPGSFVNVSCPWYLPWASSVPQGHVYRFCTAEGLWL/SEEVRRELEEARRLAEELAR
0.5201033353805542,0.204424500465393,SLWETVQKWREYRRQCQRSLTEDPPPATDLFCNRTFDEYACWPDGEPGSFVNVSCPWYLPWASSVPQGHVYRFCTAEGLWL/AEEVRRLLEELLRQLEEEER
0.5008992552757263,0.1567749828100204,SLWETVQKWREYRRQCQRSLTEDPPPATDLFCNRTFDEYACWPDGEPGSFVNVSCPWYLPWASSVPQGHVYRFCTAEGLWL/SQEVLEELRRLLEELLRLLR
0.5238516926765442,0.1268722414970398,SLWETVQKWREYRRQCQRSLTEDPPPATDLFCNRTFDEYACWPDGEPGSFVNVSCPWYLPWASSVPQGHVYRFCTAEGLWL/SLEVLLALLLALLAALLAAL
0.4956051111221313,0.1329066455364227,SLWETVQKWREYRRQCQRSLTEDPPPATDLFCNRTFDEYACWPDGEPGSFVNVSCPWYLPWASSVPQGHVYRFCTAEGLWL/SLLVRLALLLATLLALLLEL
0.5320999026298523,0.2044619768857956,SLWETVQKWREYRRQCQRSLTEDPPPATDLFCNRTFDEYACWPDGEPGSFVNVSCPWYLPWASSVPQGHVYRFCTAEGLWL/SEEVREELERLLEELRRLLE
0.5028780698776245,0.1822699457406997,SLWETVQKWREYRRQCQRSLTEDPPPATDLFCNRTFDEYACWPDGEPGSFVNVSCPWYLPWASSVPQGHVYRFCTAEGLWL/SEEVREALERLEELLRRLAE
0.4314839243888855,0.0854962542653083,SLWETVQKWREYRRQCQRSLTEDPPPATDLFCNRTFDEYACWPDGEPGSFVNVSCPWYLPWASSVPQGHVYRFCTAEGLWL/AAEVAAALAAAAALAAAAAA
0.5027354955673218,0.1778508424758911,SLWETVQKWREYRRQCQRSLTEDPPPATDLFCNRTFDEYACWPDGEPGSFVNVSCPWYLPWASSVPQGHVYRFCTAEGLWL/SEEVREELERLLRELEERRR
0.5123887658119202,0.1845519244670868,SLWETVQKWREYRRQCQRSLTEDPPPATDLFCNRTFDEYACWPDGEPGSFVNVSCPWYLPWASSVPQGHVYRFCTAEGLWL/SEEVEELLRRLLERLEELAR
0.429588258266449,0.1378540992736816,SLWETVQKWREYRRQCQRSLTEDPPPATDLFCNRTFDEYACWPDGEPGSFVNVSCPWYLPWASSVPQGHVYRFCTAEGLWL/AEEVRAALEEAARRLAEEAA
0.4748660326004028,0.1512874960899353,SLWETVQKWREYRRQCQRSLTEDPPPATDLFCNRTFDEYACWPDGEPGSFVNVSCPWYLPWASSVPQGHVYRFCTAEGLWL/AAEVRAALEALLRRLEELAR
0.4820989966392517,0.1654786169528961,SLWETVQKWREYRRQCQRSLTEDPPPATDLFCNRTFDEYACWPDGEPGSFVNVSCPWYLPWASSVPQGHVYRFCTAEGLWL/AEEVRRALEEALELAERERR
0.4756675362586975,0.1728140115737915,SLWETVQKWREYRRQCQRSLTEDPPPATDLFCNRTFDEYACWPDGEPGSFVNVSCPWYLPWASSVPQGHVYRFCTAEGLWL/AEEVREELERALRRLLEELA
0.4906191229820251,0.1177618950605392,SLWETVQKWREYRRQCQRSLTEDPPPATDLFCNRTFDEYACWPDGEPGSFVNVSCPWYLPWASSVPQGHVYRFCTAEGLWL/AAEVAAALAALLALLAALAE
0.4635969400405884,0.1878347992897033,SLWETVQKWREYRRQCQRSLTEDPPPATDLFCNRTFDEYACWPDGEPGSFVNVSCPWYLPWASSVPQGHVYRFCTAEGLWL/EEEVREELERRLLERLREEL
0.3976145386695862,0.1003511697053909,SLWETVQKWREYRRQCQRSLTEDPPPATDLFCNRTFDEYACWPDGEPGSFVNVSCPWYLPWASSVPQGHVYRFCTAEGLWL/AAEVAAALLAAAAAAAAAAA
0.4319093227386474,0.1068262010812759,SLWETVQKWREYRRQCQRSLTEDPPPATDLFCNRTFDEYACWPDGEPGSFVNVSCPWYLPWASSVPQGHVYRFCTAEGLWL/AEEVRAALAAALEAAAAAAA
0.4818194508552551,0.1315319836139679,SLWETVQKWREYRRQCQRSLTEDPPPATDLFCNRTFDEYACWPDGEPGSFVNVSCPWYLPWASSVPQGHVYRFCTAEGLWL/SEEVRAELERALAELRRRLE
0.5525654554367065,0.214334174990654,SLWETVQKWREYRRQCQRSLTEDPPPATDLFCNRTFDEYACWPDGEPGSFVNVSCPWYLPWASSVPQGHVYRFCTAEGLWL/SSEVQKELEELLKKLKEELE
0.4883807897567749,0.1677573919296264,SLWETVQKWREYRRQCQRSLTEDPPPATDLFCNRTFDEYACWPDGEPGSFVNVSCPWYLPWASSVPQGHVYRFCTAEGLWL/SEEVRRELELAQQLAELLRQ
0.4799854755401611,0.1570360362529754,SLWETVQKWREYRRQCQRSLTEDPPPATDLFCNRTFDEYACWPDGEPGSFVNVSCPWYLPWASSVPQGHVYRFCTAEGLWL/AEEVRQALLEALRRALEAAR
0.4908965826034546,0.1189990192651748,SLWETVQKWREYRRQCQRSLTEDPPPATDLFCNRTFDEYACWPDGEPGSFVNVSCPWYLPWASSVPQGHVYRFCTAEGLWL/AAEVAAELAAALAALAEALA
0.5017555952072144,0.1730788350105285,SLWETVQKWREYRRQCQRSLTEDPPPATDLFCNRTFDEYACWPDGEPGSFVNVSCPWYLPWASSVPQGHVYRFCTAEGLWL/SEEVEEELRRALERLRRELA
0.4946648478507995,0.1438208073377609,SLWETVQKWREYRRQCQRSLTEDPPPATDLFCNRTFDEYACWPDGEPGSFVNVSCPWYLPWASSVPQGHVYRFCTAEGLWL/SAEVREALERALRELLEALA
0.5216225385665894,0.2086914777755737,SLWETVQKWREYRRQCQRSLTEDPPPATDLFCNRTFDEYACWPDGEPGSFVNVSCPWYLPWASSVPQGHVYRFCTAEGLWL/SAEVREELERLLRLAEELER
0.5163373351097107,0.1804582476615905,SLWETVQKWREYRRQCQRSLTEDPPPATDLFCNRTFDEYACWPDGEPGSFVNVSCPWYLPWASSVPQGHVYRFCTAEGLWL/SEEVRQELEQLLRQLAEELR
0.4807583689689636,0.1514415740966797,SLWETVQKWREYRRQCQRSLTEDPPPATDLFCNRTFDEYACWPDGEPGSFVNVSCPWYLPWASSVPQGHVYRFCTAEGLWL/AAEVAAELAALLEAARRAAE
0.5045865178108215,0.0618162304162979,SLWETVQKWREYRRQCQRSLTEDPPPATDLFCNRTFDEYACWPDGEPGSFVNVSCPWYLPWASSVPQGHVYRFCTAEGLWL/SAAVRLALLLALAALLLAAL
0.5018789172172546,0.1862970441579818,SLWETVQKWREYRRQCQRSLTEDPPPATDLFCNRTFDEYACWPDGEPGSFVNVSCPWYLPWASSVPQGHVYRFCTAEGLWL/SEEVRRELEELLRRLEEERR
0.4849562644958496,0.1513160467147827,SLWETVQKWREYRRQCQRSLTEDPPPATDLFCNRTFDEYACWPDGEPGSFVNVSCPWYLPWASSVPQGHVYRFCTAEGLWL/SEEVREALKRALERLRRELE
0.440914511680603,0.0740458890795707,SLWETVQKWREYRRQCQRSLTEDPPPATDLFCNRTFDEYACWPDGEPGSFVNVSCPWYLPWASSVPQGHVYRFCTAEGLWL/AAEVAAALAAAAAAAAAAAA
0.524773120880127,0.0704580768942833,SLWETVQKWREYRRQCQRSLTEDPPPATDLFCNRTFDEYACWPDGEPGSFVNVSCPWYLPWASSVPQGHVYRFCTAEGLWL/SLSVLLALLLAALAALLAAL
0.5724741220474243,0.2577974200248718,SLWETVQKWREYRRQCQRSLTEDPPPATDLFCNRTFDEYACWPDGEPGSFVNVSCPWYLPWASSVPQGHVYRFCTAEGLWL/SEEVRRLLELLARLLEELAR
0.501339852809906,0.1816783249378204,SLWETVQKWREYRRQCQRSLTEDPPPATDLFCNRTFDEYACWPDGEPGSFVNVSCPWYLPWASSVPQGHVYRFCTAEGLWL/SEEVRRELEELLRRLEELRR
0.4125623703002929,0.1115659177303314,SLWETVQKWREYRRQCQRSLTEDPPPATDLFCNRTFDEYACWPDGEPGSFVNVSCPWYLPWASSVPQGHVYRFCTAEGLWL/AAEVRAALLAAAAAAALAEL
0.482075572013855,0.1549368500709533,SLWETVQKWREYRRQCQRSLTEDPPPATDLFCNRTFDEYACWPDGEPGSFVNVSCPWYLPWASSVPQGHVYRFCTAEGLWL/SEEVRRTLEELLRALLESLR
0.470089316368103,0.0893790647387504,SLWETVQKWREYRRQCQRSLTEDPPPATDLFCNRTFDEYACWPDGEPGSFVNVSCPWYLPWASSVPQGHVYRFCTAEGLWL/AAEVAAALAAALAALAAAAA
0.4781643152236938,0.199005514383316,SLWETVQKWREYRRQCQRSLTEDPPPATDLFCNRTFDEYACWPDGEPGSFVNVSCPWYLPWASSVPQGHVYRFCTAEGLWL/SEEVERELREALERLLREEL
0.4355257153511047,0.080884613096714,SLWETVQKWREYRRQCQRSLTEDPPPATDLFCNRTFDEYACWPDGEPGSFVNVSCPWYLPWASSVPQGHVYRFCTAEGLWL/SAEVARALAEAAAAAAAAAA
0.4793343544006347,0.1209714487195015,SLWETVQKWREYRRQCQRSLTEDPPPATDLFCNRTFDEYACWPDGEPGSFVNVSCPWYLPWASSVPQGHVYRFCTAEGLWL/SEEVRERLERELRRREEEER
0.44156014919281,0.1465341448783874,SLWETVQKWREYRRQCQRSLTEDPPPATDLFCNRTFDEYACWPDGEPGSFVNVSCPWYLPWASSVPQGHVYRFCTAEGLWL/SAEVAAELAELAARALAEAA
0.5028475522994995,0.2012588828802108,SLWETVQKWREYRRQCQRSLTEDPPPATDLFCNRTFDEYACWPDGEPGSFVNVSCPWYLPWASSVPQGHVYRFCTAEGLWL/AEEVREELERLLRELEEELR
0.4359587430953979,0.0797595158219337,SLWETVQKWREYRRQCQRSLTEDPPPATDLFCNRTFDEYACWPDGEPGSFVNVSCPWYLPWASSVPQGHVYRFCTAEGLWL/SAEVAAALAAALAAAAAAAA
0.4800761938095093,0.1666291505098343,SLWETVQKWREYRRQCQRSLTEDPPPATDLFCNRTFDEYACWPDGEPGSFVNVSCPWYLPWASSVPQGHVYRFCTAEGLWL/AAEVREELERALRELEELRR
0.4685235023498535,0.1220902279019355,SLWETVQKWREYRRQCQRSLTEDPPPATDLFCNRTFDEYACWPDGEPGSFVNVSCPWYLPWASSVPQGHVYRFCTAEGLWL/SEEVRRELEERLRALREEER
0.5064070820808411,0.1901740133762359,SLWETVQKWREYRRQCQRSLTEDPPPATDLFCNRTFDEYACWPDGEPGSFVNVSCPWYLPWASSVPQGHVYRFCTAEGLWL/SEEVRRELAELLERLERERR
0.4366189837455749,0.0671455562114715,SLWETVQKWREYRRQCQRSLTEDPPPATDLFCNRTFDEYACWPDGEPGSFVNVSCPWYLPWASSVPQGHVYRFCTAEGLWL/AAAVAAALAAAAAAAAAAAA
0.5206958651542664,0.2109538912773132,SLWETVQKWREYRRQCQRSLTEDPPPATDLFCNRTFDEYACWPDGEPGSFVNVSCPWYLPWASSVPQGHVYRFCTAEGLWL/AEEVRAELEALRRLLEELRR
0.6103022694587708,0.043640412390232,SLWETVQKWREYRRQCQRSLTEDPPPATDLFCNRTFDEYACWPDGEPGSFVNVSCPWYLPWASSVPQGHVYRFCTAEGLWL/SLSVLLSLLIALLLLLLLLS
0.4960168004035949,0.1596447676420211,SLWETVQKWREYRRQCQRSLTEDPPPATDLFCNRTFDEYACWPDGEPGSFVNVSCPWYLPWASSVPQGHVYRFCTAEGLWL/AEEVREELERRLREEEERRR
0.4424125552177429,0.0735634118318557,SLWETVQKWREYRRQCQRSLTEDPPPATDLFCNRTFDEYACWPDGEPGSFVNVSCPWYLPWASSVPQGHVYRFCTAEGLWL/SEAVAAALAAAAAAAEAAAA
0.4449646472930908,0.0708453953266143,SLWETVQKWREYRRQCQRSLTEDPPPATDLFCNRTFDEYACWPDGEPGSFVNVSCPWYLPWASSVPQGHVYRFCTAEGLWL/SAEVAAALAAAAAALAAAAA
0.5163564682006836,0.1944037228822708,SLWETVQKWREYRRQCQRSLTEDPPPATDLFCNRTFDEYACWPDGEPGSFVNVSCPWYLPWASSVPQGHVYRFCTAEGLWL/SEEVERELEEALRRLEEERR
0.5202018618583679,0.200785219669342,SLWETVQKWREYRRQCQRSLTEDPPPATDLFCNRTFDEYACWPDGEPGSFVNVSCPWYLPWASSVPQGHVYRFCTAEGLWL/SEEVREELERLLAELRRLAE
0.5018473863601685,0.1739776879549026,SLWETVQKWREYRRQCQRSLTEDPPPATDLFCNRTFDEYACWPDGEPGSFVNVSCPWYLPWASSVPQGHVYRFCTAEGLWL/SAEVEAELAEALRRLEEERA
0.4503588676452636,0.1082433238625526,SLWETVQKWREYRRQCQRSLTEDPPPATDLFCNRTFDEYACWPDGEPGSFVNVSCPWYLPWASSVPQGHVYRFCTAEGLWL/AAEVALALAAALLAAALAAA
0.497256875038147,0.1812762171030044,SLWETVQKWREYRRQCQRSLTEDPPPATDLFCNRTFDEYACWPDGEPGSFVNVSCPWYLPWASSVPQGHVYRFCTAEGLWL/SEEVREELERALREALERLR
0.4735174179077148,0.1479719877243042,SLWETVQKWREYRRQCQRSLTEDPPPATDLFCNRTFDEYACWPDGEPGSFVNVSCPWYLPWASSVPQGHVYRFCTAEGLWL/GEEVREALERAQRLLEELAR
0.5106014013290405,0.0803647562861442,SLWETVQKWREYRRQCQRSLTEDPPPATDLFCNRTFDEYACWPDGEPGSFVNVSCPWYLPWASSVPQGHVYRFCTAEGLWL/SLEVRLLLLLLAALLALLAA
0.5002685189247131,0.1708023250102996,SLWETVQKWREYRRQCQRSLTEDPPPATDLFCNRTFDEYACWPDGEPGSFVNVSCPWYLPWASSVPQGHVYRFCTAEGLWL/SEEVREELERLLEELRRRLE
0.5472624897956848,0.0586912930011749,SLWETVQKWREYRRQCQRSLTEDPPPATDLFCNRTFDEYACWPDGEPGSFVNVSCPWYLPWASSVPQGHVYRFCTAEGLWL/SAEVAAALALLLALALLLLA
0.5002685189247131,0.1708023250102996,SLWETVQKWREYRRQCQRSLTEDPPPATDLFCNRTFDEYACWPDGEPGSFVNVSCPWYLPWASSVPQGHVYRFCTAEGLWL/SEEVREELERLLEELRRRLE
0.4331361651420593,0.090969480574131,SLWETVQKWREYRRQCQRSLTEDPPPATDLFCNRTFDEYACWPDGEPGSFVNVSCPWYLPWASSVPQGHVYRFCTAEGLWL/AAAVRAALAAAAAAAAAAAA
0.4847645759582519,0.1528808027505874,SLWETVQKWREYRRQCQRSLTEDPPPATDLFCNRTFDEYACWPDGEPGSFVNVSCPWYLPWASSVPQGHVYRFCTAEGLWL/SAEVAEELARALRRAEEERR
0.4377946257591247,0.062999427318573,SLWETVQKWREYRRQCQRSLTEDPPPATDLFCNRTFDEYACWPDGEPGSFVNVSCPWYLPWASSVPQGHVYRFCTAEGLWL/SAAVAAALAAAAAAAAAALA
0.4340822100639343,0.0915092229843139,SLWETVQKWREYRRQCQRSLTEDPPPATDLFCNRTFDEYACWPDGEPGSFVNVSCPWYLPWASSVPQGHVYRFCTAEGLWL/SAEVAAELAAALAAAAAAAE
0.4949416518211365,0.1224875748157501,SLWETVQKWREYRRQCQRSLTEDPPPATDLFCNRTFDEYACWPDGEPGSFVNVSCPWYLPWASSVPQGHVYRFCTAEGLWL/AAEVAALLALLAALLTLLLS
0.5770559310913086,0.0675585940480232,WETVQKWREYRRQCQRSLTED/WWETVRYRRRQREEER
0.5877765417098999,0.0531785637140274,WETVQKWREYRRQCQRSLTED/WWETVRYRRRQREEEE
0.6057260632514954,0.1169442385435104,WETVQKWREYRRQCQRSLTED/WEETVRYLREQRLTEE
0.5631444454193115,0.0922494381666183,WETVQKWREYRRQCQRSLTED/WEETVRYRRRQRLEEE
0.5425555109977722,0.0442854203283786,WETVQKWREYRRQCQRSLTED/WWETVRYRRQQQLEEE
0.5241572856903076,0.0483634360134601,WETVQKWREYRRQCQRSLTED/WWETVRYRRRQQLEAA
0.6805020570755005,0.1667963862419128,WETVQKWREYRRQCQRSLTED/WEETVRYLRRQREKEK
0.5225878953933716,0.082008458673954,WETVQKWREYRRQCQRSLTED/WWETVRYRRRQRRKER
0.5425555109977722,0.0442854203283786,WETVQKWREYRRQCQRSLTED/WWETVRYRRQQQLEEE
0.6395454406738281,0.1066318526864051,WETVQKWREYRRQCQRSLTED/WWETVRYLRQQRLEEE
0.588883638381958,0.1024467274546623,WETVQKWREYRRQCQRSLTED/WEETVRYRRRQRERER
0.5654194951057434,0.101557083427906,WETVQKWREYRRQCQRSLTED/WRETVRYRRRQREEER
0.619870126247406,0.1146267801523208,WETVQKWREYRRQCQRSLTED/WEETVRYLREQRLLEE
0.5770559310913086,0.0675585940480232,WETVQKWREYRRQCQRSLTED/WWETVRYRRRQREEER
0.5455393195152283,0.0909882858395576,WETVQKWREYRRQCQRSLTED/WRETVRYRRRQRREEE
0.5228224992752075,0.0776362121105194,WETVQKWREYRRQCQRSLTED/WRETVRYRRRQRLTEE
0.5493036508560181,0.0931127443909645,WETVQKWREYRRQCQRSLTED/WWETVRYRRRQRELEK
0.6570231914520264,0.1384343802928924,WETVQKWREYRRQCQRSLTED/WEETVRYLRQQRLEEE
0.5770559310913086,0.0675585940480232,WETVQKWREYRRQCQRSLTED/WWETVRYRRRQREEER
0.567744255065918,0.0925601422786712,WETVQKWREYRRQCQRSLTED/WRETVRKRRRQRREER
0.6786407232284546,0.1370790600776672,WETVQKWREYRRQCQRSLTED/WEETVRYLRRQQEEEK
0.5425555109977722,0.0442854203283786,WETVQKWREYRRQCQRSLTED/WWETVRYRRQQQLEEE
0.6200845241546631,0.095597818493843,WETVQKWREYRRQCQRSLTED/WWETVRYLRRQREEEE
0.5856200456619263,0.1012161076068878,WETVQKWREYRRQCQRSLTED/WEETVRYRRRQQELER
0.6472662687301636,0.1508758217096328,WETVQKWREYRRQCQRSLTED/WWETERYRRLQRLLEE
0.5484012365341187,0.0700170919299125,WETVQKWREYRRQCQRSLTED/WRETVRYRRQQRLQEE
0.6472348570823669,0.0987680107355117,WETVQKWREYRRQCQRSLTED/WWETVRYLREQRERER
0.549732506275177,0.0565507896244525,WETVQKWREYRRQCQRSLTED/WWETVRYRRQQRLEEE
0.5191179513931274,0.0835250169038772,WETVQKWREYRRQCQRSLTED/WWETVRYRRRQRLEEE
0.5862241983413696,0.0666993781924247,WETVQKWREYRRQCQRSLTED/WWETVRYRRRQREKEK
0.6602117419242859,0.1076844930648803,WETVQKWREYRRQCQRSLTED/WWETVRYLREQQLREE
0.5007274150848389,0.0463980324566364,WETVQKWREYRRQCQRSLTED/WWETVRYRRQQRLQEA
0.5622828006744385,0.0913837254047393,WETVQKWREYRRQCQRSLTED/WRETVRYRRRQQELEE
0.564647912979126,0.0679953843355178,WETVQKWREYRRQCQRSLTED/WWETVRYRRRQQLERE
0.5572549104690552,0.1308944970369339,WETVQKWREYRRQCQRSLTED/WEETVRYRRRQEELER
0.5770559310913086,0.0675585940480232,WETVQKWREYRRQCQRSLTED/WWETVRYRRRQREEER
0.5534125566482544,0.0577605068683624,WETVQKWREYRRQCQRSLTED/WWETVRYRRRQQEEER
0.6408557295799255,0.0968899503350257,WETVQKWREYRRQCQRSLTED/WWETVRYLEEQQRELE
0.5613535642623901,0.0559607967734336,WETVQKWREYRRQCQRSLTED/WWETVRYRRRQEEEAR
0.5497682690620422,0.1054128184914588,WETVQKWREYRRQCQRSLTED/WEETVRYRREQQLLER
0.5716870427131653,0.0659759864211082,WETVQKWREYRRQCQRSLTED/WWETVRYRRRQREREE
0.6714185476303101,0.1490731388330459,WETVQKWREYRRQCQRSLTED/WEETVRYLRRQQEEER
0.5877765417098999,0.0531785637140274,WETVQKWREYRRQCQRSLTED/WWETVRYRRRQREEEE
0.5305407047271729,0.0605389922857284,WETVQKWREYRRQCQRSLTED/WWETVRYRRRQREAAK
0.5770559310913086,0.0675585940480232,WETVQKWREYRRQCQRSLTED/WWETVRYRRRQREEER
0.5030234456062317,0.0422369576990604,WETVQKWREYRRQCQRSLTED/WWETVRYRRRQQLLAE
0.5291521549224854,0.0958559066057205,WETVQKWREYRRQCQRSLTED/WRETVRYRRRQRLEEE
0.5767920017242432,0.0461748205125331,WETVQKWREYRRQCQRSLTED/WEETVRYRRQQQLEEE
0.5785503387451172,0.0600161030888557,WETVQKWREYRRQCQRSLTED/WEETVRYRRRQREEEE
0.6485685110092163,0.1661829203367233,WETVQKWREYRRQCQRSLTED/WEETVRYLRRQRETEE
0.5785503387451172,0.0600161030888557,WETVQKWREYRRQCQRSLTED/WEETVRYRRRQREEEE
0.5191179513931274,0.0835250169038772,WETVQKWREYRRQCQRSLTED/WWETVRYRRRQRLEEE
0.5841475129127502,0.0667246207594871,WETVQKWREYRRQCQRSLTED/WEETVRYRRRQQEEER
0.63767009973526,0.0919144079089164,WETVQKWREYRRQCQRSLTED/WWETVRYLEQQRLEEE
0.526840090751648,0.0566762089729309,WETVQKWREYRRQCQRSLTED/WWETVRYRRRQQLTER
0.5771806240081787,0.0797226876020431,WETVQKWREYRRQCQRSLTED/WWETVRYRRRQELEER
0.6199558973312378,0.0444764457643032,WETVQKWREYRRQCQRSLTED/WWETVRYRREQREKEK
0.6419995427131653,0.1079641133546829,WETVQKWREYRRQCQRSLTED/WWETVRYLEQQRREEE
0.614656925201416,0.0504016429185867,WETVQKWREYRRQCQRSLTED/WWETVRYRREQREREE
0.5770559310913086,0.0675585940480232,WETVQKWREYRRQCQRSLTED/WWETVRYRRRQREEER
0.6273536682128906,0.0796821191906929,WETVQKWREYRRQCQRSLTED/WEETVRYRREQEEREK
0.6200845241546631,0.095597818493843,WETVQKWREYRRQCQRSLTED/WWETVRYLRRQREEEE
0.5317747592926025,0.0803411528468132,WETVQKWREYRRQCQRSLTED/RRRTVRYRRRQRRERR
0.562741756439209,0.1076896041631698,WETVQKWREYRRQCQRSLTED/WRETVRYRRRQRELEK
0.5458991527557373,0.06470937281847,WETVQKWREYRRQCQRSLTED/WEETVRYRREQRLREA
0.5522412061691284,0.0736016482114791,WETVQKWREYRRQCQRSLTED/WWETVRYRRRQQELEK
0.549732506275177,0.0565507896244525,WETVQKWREYRRQCQRSLTED/WWETVRYRRQQRLEEE
0.5476297736167908,0.0695393234491348,WETVQKWREYRRQCQRSLTED/WWETVRYRRRQRLEEK
0.6565825939178467,0.1676050275564193,WETVQKWREYRRQCQRSLTED/WEETVRYLRRQREELE
0.6638621091842651,0.1663661450147628,WETVQKWREYRRQCQRSLTED/WEETVRYLREQRRREE
0.5929317474365234,0.0711250379681587,WETVQKWREYRRQCQRSLTED/WWETVRYLRQQRLTEE
0.5770559310913086,0.0675585940480232,WETVQKWREYRRQCQRSLTED/WWETVRYRRRQREEER
0.5349607467651367,0.0647093281149864,WETVQKWREYRRQCQRSLTED/WWETVRYRRRQRREEE
0.5542323589324951,0.0433510392904281,WETVQKWREYRRQCQRSLTED/WWETVRYRRQQQLTEE
0.6265331506729126,0.0888239815831184,WETVQKWREYRRQCQRSLTED/WWETVRYLREQRRREE
0.5722030997276306,0.1054068803787231,WETVQKWREYRRQCQRSLTED/WRETVRYRRRQRERER
0.567044734954834,0.1186600252985954,WETVQKWREYRRQCQRSLTED/WRETERKRRRQRLEEK
0.530253529548645,0.0774508863687515,WETVQKWREYRRQCQRSLTED/WWETVRYRREQRRRAR
0.5276871919631958,0.048089537769556,WETVQKWREYRRQCQRSLTED/WWETVRYRRRQQLEAE
0.5191179513931274,0.0835250169038772,WETVQKWREYRRQCQRSLTED/WWETVRYRRRQRLEEE
0.586313009262085,0.1095902472734451,WETVQKWREYRRQCQRSLTED/WEETERYRRRQRLEEK
0.5785503387451172,0.0600161030888557,WETVQKWREYRRQCQRSLTED/WEETVRYRRRQREEEE
0.6388208270072937,0.0941909775137901,WETVQKWREYRRQCQRSLTED/WWETVRYLERQRREAE
0.5802739262580872,0.0456088297069072,WETVQKWREYRRQCQRSLTED/WEETVRYRQQQQKELE
0.5839526057243347,0.0716428756713867,WETVQKWREYRRQCQRSLTED/WKETVRYRERQRREEE
0.5191179513931274,0.0835250169038772,WETVQKWREYRRQCQRSLTED/WWETVRYRRRQRLEEE
0.5668535232543945,0.0704683884978294,WETVQKWREYRRQCQRSLTED/WWETVRYRQRQRLEEE
0.5986066460609436,0.0499502532184124,WETVQKWREYRRQCQRSLTED/WWETVRYLQQQQLEAE
0.5496253967285156,0.0468953922390937,WETVQKWREYRRQCQRSLTED/WWETVRYRRRQREEAE
0.5534125566482544,0.0577605068683624,WETVQKWREYRRQCQRSLTED/WWETVRYRRRQQEEER
0.5613535642623901,0.0559607967734336,WETVQKWREYRRQCQRSLTED/WWETVRYRRRQEEEAR
0.5777755975723267,0.0687945410609245,WETVQKWREYRRQCQRSLTED/WRETVRYRRRQQEEEE
0.562592625617981,0.0534438118338584,WETVQKWREYRRQCQRSLTED/WWETVRYRRRQQLEEK
0.5305047035217285,0.0814283713698387,WETVQKWREYRRQCQRSLTED/WWETVRYRRRQQELER
0.5671566128730774,0.0849962756037712,WETVQKWREYRRQCQRSLTED/WEETVRYRRRQRRERE
0.6714185476303101,0.1490731388330459,WETVQKWREYRRQCQRSLTED/WEETVRYLRRQQEEER
0.5770559310913086,0.0675585940480232,WETVQKWREYRRQCQRSLTED/WWETVRYRRRQREEER
0.5585399866104126,0.0553836710751056,WETVQKWREYRRQCQRSLTED/WEETVRYRREQEEAAR
0.5775020122528076,0.0843707025051117,WETVQKWREYRRQCQRSLTED/WEETVRYRRRQREEER
0.5770559310913086,0.0675585940480232,WETVQKWREYRRQCQRSLTED/WWETVRYRRRQREEER
0.6217814683914185,0.0975585654377937,WETVQKWREYRRQCQRSLTED/WWETVRYLEEQRRLEE
0.6752431392669678,0.1821361035108566,WETVQKWREYRRQCQRSLTED/WEETVRYLRRQREEEE
0.6356707811355591,0.0775346308946609,WETVQKWREYRRQCQRSLTED/WEETVRYLRQQQLEAE
0.6012780070304871,0.0787805840373039,WETVQKWREYRRQCQRSLTED/WEETVRYRRRQEEERR
0.6200845241546631,0.095597818493843,WETVQKWREYRRQCQRSLTED/WWETVRYLRRQREEEE
0.549732506275177,0.0565507896244525,WETVQKWREYRRQCQRSLTED/WWETVRYRRQQRLEEE
0.5584241151809692,0.0686936601996421,WETVQKWREYRRQCQRSLTED/WWETVRYRRRQQLEEE
0.5318853855133057,0.0726794153451919,WETVQKWREYRRQCQRSLTED/WWETVRYRRRQRETEE
0.5763549208641052,0.1185468882322311,WETVQKWREYRRQCQRSLTED/WEETVRYRRRQRELEE
0.5458810329437256,0.047226395457983,WETVQKWREYRRQCQRSLTED/WWETVRYRRRQQEEAR
0.6099280118942261,0.1278614550828933,WETVQKWREYRRQCQRSLTED/WWETVRYLRRQRLEEE
0.549732506275177,0.0565507896244525,WETVQKWREYRRQCQRSLTED/WWETVRYRRQQRLEEE
0.5896317362785339,0.0726703703403472,WETVQKWREYRRQCQRSLTED/WWETVRYRRRQELEEK
0.6624687314033508,0.1341212540864944,WETVQKWREYRRQCQRSLTED/WEETVRYLRQQQLEEE
0.5877765417098999,0.0531785637140274,WETVQKWREYRRQCQRSLTED/WWETVRYRRRQREEEE
0.5336451530456543,0.0451800823211669,WETVQKWREYRRQCQRSLTED/WWETVRYRRRQQREAE
0.567685604095459,0.0964546203613281,WETVQKWREYRRQCQRSLTED/RRETVRKRRRQREERR
0.5425555109977722,0.0442854203283786,WETVQKWREYRRQCQRSLTED/WWETVRYRRQQQLEEE
0.6395454406738281,0.1066318526864051,WETVQKWREYRRQCQRSLTED/WWETVRYLRQQRLEEE
0.6395454406738281,0.1066318526864051,WETVQKWREYRRQCQRSLTED/WWETVRYLRQQRLEEE
0.538758397102356,0.0222331248223781,KCRLAKSTLTLI/SKEKERLAKSTLTLI
0.503812313079834,0.0165765173733234,KCRLAKSTLTLI/SKEKLRLAKSTLTLI
0.503812313079834,0.0165765173733234,KCRLAKSTLTLI/SKEKLRLAKSTLTLI
0.5062114596366882,0.0195995643734931,KCRLAKSTLTLI/SKEKDRLAKSTLTLI
0.503812313079834,0.0165765173733234,KCRLAKSTLTLI/SKEKLRLAKSTLTLI
0.538758397102356,0.0222331248223781,KCRLAKSTLTLI/SKEKERLAKSTLTLI
0.503812313079834,0.0165765173733234,KCRLAKSTLTLI/SKEKLRLAKSTLTLI
0.503812313079834,0.0165765173733234,KCRLAKSTLTLI/SKEKLRLAKSTLTLI
0.503812313079834,0.0165765173733234,KCRLAKSTLTLI/SKEKLRLAKSTLTLI
0.503812313079834,0.0165765173733234,KCRLAKSTLTLI/SKEKLRLAKSTLTLI
0.503812313079834,0.0165765173733234,KCRLAKSTLTLI/SKEKLRLAKSTLTLI
0.503812313079834,0.0165765173733234,KCRLAKSTLTLI/SKEKLRLAKSTLTLI
0.503812313079834,0.0165765173733234,KCRLAKSTLTLI/SKEKLRLAKSTLTLI
0.503812313079834,0.0165765173733234,KCRLAKSTLTLI/SKEKLRLAKSTLTLI
0.5190515518188477,0.0218270439654588,KCRLAKSTLTLI/SKEKMRLAKSTLTLI
0.503812313079834,0.0165765173733234,KCRLAKSTLTLI/SKEKLRLAKSTLTLI
0.503812313079834,0.0165765173733234,KCRLAKSTLTLI/SKEKLRLAKSTLTLI
0.5201413631439209,0.0195192694664001,KCRLAKSTLTLI/SKEKIRLAKSTLTLI
0.538758397102356,0.0222331248223781,KCRLAKSTLTLI/SKEKERLAKSTLTLI
0.5443652868270874,0.0239840783178806,KCRLAKSTLTLI/SKEKKRLAKSTLTLI
0.503812313079834,0.0165765173733234,KCRLAKSTLTLI/SKEKLRLAKSTLTLI
0.503812313079834,0.0165765173733234,KCRLAKSTLTLI/SKEKLRLAKSTLTLI
0.503812313079834,0.0165765173733234,KCRLAKSTLTLI/SKEKLRLAKSTLTLI
0.4952324032783508,0.0180060230195522,KCRLAKSTLTLI/SKEKNRLAKSTLTLI
0.503812313079834,0.0165765173733234,KCRLAKSTLTLI/SKEKLRLAKSTLTLI
0.503812313079834,0.0165765173733234,KCRLAKSTLTLI/SKEKLRLAKSTLTLI
0.538758397102356,0.0222331248223781,KCRLAKSTLTLI/SKEKERLAKSTLTLI
0.503812313079834,0.0165765173733234,KCRLAKSTLTLI/SKEKLRLAKSTLTLI
0.5443652868270874,0.0239840783178806,KCRLAKSTLTLI/SKEKKRLAKSTLTLI
0.503812313079834,0.0165765173733234,KCRLAKSTLTLI/SKEKLRLAKSTLTLI
0.503812313079834,0.0165765173733234,KCRLAKSTLTLI/SKEKLRLAKSTLTLI
0.503812313079834,0.0165765173733234,KCRLAKSTLTLI/SKEKLRLAKSTLTLI
0.503812313079834,0.0165765173733234,KCRLAKSTLTLI/SKEKLRLAKSTLTLI
0.503812313079834,0.0165765173733234,KCRLAKSTLTLI/SKEKLRLAKSTLTLI
0.503812313079834,0.0165765173733234,KCRLAKSTLTLI/SKEKLRLAKSTLTLI
0.503812313079834,0.0165765173733234,KCRLAKSTLTLI/SKEKLRLAKSTLTLI
0.503812313079834,0.0165765173733234,KCRLAKSTLTLI/SKEKLRLAKSTLTLI
0.4937863945960998,0.0148712303489446,KCRLAKSTLTLI/TKEKLRLAKSTLTLI
0.503812313079834,0.0165765173733234,KCRLAKSTLTLI/SKEKLRLAKSTLTLI
0.5443652868270874,0.0239840783178806,KCRLAKSTLTLI/SKEKKRLAKSTLTLI
0.507858157157898,0.021703191101551,KCRLAKSTLTLI/TKEKQRLAKSTLTLI
0.516118049621582,0.0233243517577648,KCRLAKSTLTLI/SKEKHRLAKSTLTLI
0.503812313079834,0.0165765173733234,KCRLAKSTLTLI/SKEKLRLAKSTLTLI
0.503812313079834,0.0165765173733234,KCRLAKSTLTLI/SKEKLRLAKSTLTLI
0.538758397102356,0.0222331248223781,KCRLAKSTLTLI/SKEKERLAKSTLTLI
0.538758397102356,0.0222331248223781,KCRLAKSTLTLI/SKEKERLAKSTLTLI
0.538758397102356,0.0222331248223781,KCRLAKSTLTLI/SKEKERLAKSTLTLI
0.5083879232406616,0.0163596849888563,KCRLAKSTLTLI/KKEKLRLAKSTLTLI
0.503812313079834,0.0165765173733234,KCRLAKSTLTLI/SKEKLRLAKSTLTLI
0.503812313079834,0.0165765173733234,KCRLAKSTLTLI/SKEKLRLAKSTLTLI
0.5201413631439209,0.0195192694664001,KCRLAKSTLTLI/SKEKIRLAKSTLTLI
0.503812313079834,0.0165765173733234,KCRLAKSTLTLI/SKEKLRLAKSTLTLI
0.503812313079834,0.0165765173733234,KCRLAKSTLTLI/SKEKLRLAKSTLTLI
0.503812313079834,0.0165765173733234,KCRLAKSTLTLI/SKEKLRLAKSTLTLI
0.503812313079834,0.0165765173733234,KCRLAKSTLTLI/SKEKLRLAKSTLTLI
0.503812313079834,0.0165765173733234,KCRLAKSTLTLI/SKEKLRLAKSTLTLI
0.503812313079834,0.0165765173733234,KCRLAKSTLTLI/SKEKLRLAKSTLTLI
0.5083879232406616,0.0163596849888563,KCRLAKSTLTLI/KKEKLRLAKSTLTLI
0.5343939065933228,0.0240952149033546,KCRLAKSTLTLI/SKEKQRLAKSTLTLI
0.4938184022903442,0.022914320230484,KCRLAKSTLTLI/SKEKGRLAKSTLTLI
0.538758397102356,0.0222331248223781,KCRLAKSTLTLI/SKEKERLAKSTLTLI
0.503812313079834,0.0165765173733234,KCRLAKSTLTLI/SKEKLRLAKSTLTLI
0.503812313079834,0.0165765173733234,KCRLAKSTLTLI/SKEKLRLAKSTLTLI
0.503812313079834,0.0165765173733234,KCRLAKSTLTLI/SKEKLRLAKSTLTLI
0.503812313079834,0.0165765173733234,KCRLAKSTLTLI/SKEKLRLAKSTLTLI
0.503812313079834,0.0165765173733234,KCRLAKSTLTLI/SKEKLRLAKSTLTLI
0.503812313079834,0.0165765173733234,KCRLAKSTLTLI/SKEKLRLAKSTLTLI
0.5201413631439209,0.0195192694664001,KCRLAKSTLTLI/SKEKIRLAKSTLTLI
0.503812313079834,0.0165765173733234,KCRLAKSTLTLI/SKEKLRLAKSTLTLI
0.503812313079834,0.0165765173733234,KCRLAKSTLTLI/SKEKLRLAKSTLTLI
0.503812313079834,0.0165765173733234,KCRLAKSTLTLI/SKEKLRLAKSTLTLI
0.503812313079834,0.0165765173733234,KCRLAKSTLTLI/SKEKLRLAKSTLTLI
0.503812313079834,0.0165765173733234,KCRLAKSTLTLI/SKEKLRLAKSTLTLI
0.503812313079834,0.0165765173733234,KCRLAKSTLTLI/SKEKLRLAKSTLTLI
0.503812313079834,0.0165765173733234,KCRLAKSTLTLI/SKEKLRLAKSTLTLI
0.5201413631439209,0.0195192694664001,KCRLAKSTLTLI/SKEKIRLAKSTLTLI
0.5382591485977173,0.0244610421359539,KCRLAKSTLTLI/SKEKRRLAKSTLTLI
0.4940270781517029,0.0174858309328556,KCRLAKSTLTLI/SKEKFRLAKSTLTLI
0.503812313079834,0.0165765173733234,KCRLAKSTLTLI/SKEKLRLAKSTLTLI
0.503812313079834,0.0165765173733234,KCRLAKSTLTLI/SKEKLRLAKSTLTLI
0.503812313079834,0.0165765173733234,KCRLAKSTLTLI/SKEKLRLAKSTLTLI
0.503812313079834,0.0165765173733234,KCRLAKSTLTLI/SKEKLRLAKSTLTLI
0.5090594291687012,0.0176365878432989,KCRLAKSTLTLI/SKEKWRLAKSTLTLI
0.503812313079834,0.0165765173733234,KCRLAKSTLTLI/SKEKLRLAKSTLTLI
0.503812313079834,0.0165765173733234,KCRLAKSTLTLI/SKEKLRLAKSTLTLI
0.5232479572296143,0.0197242647409439,KCRLAKSTLTLI/TKEKERLAKSTLTLI
0.503812313079834,0.0165765173733234,KCRLAKSTLTLI/SKEKLRLAKSTLTLI
0.516118049621582,0.0233243517577648,KCRLAKSTLTLI/SKEKHRLAKSTLTLI
0.538758397102356,0.0222331248223781,KCRLAKSTLTLI/SKEKERLAKSTLTLI
0.538758397102356,0.0222331248223781,KCRLAKSTLTLI/SKEKERLAKSTLTLI
0.5201413631439209,0.0195192694664001,KCRLAKSTLTLI/SKEKIRLAKSTLTLI
0.503812313079834,0.0165765173733234,KCRLAKSTLTLI/SKEKLRLAKSTLTLI
0.503812313079834,0.0165765173733234,KCRLAKSTLTLI/SKEKLRLAKSTLTLI
0.503812313079834,0.0165765173733234,KCRLAKSTLTLI/SKEKLRLAKSTLTLI
0.503812313079834,0.0165765173733234,KCRLAKSTLTLI/SKEKLRLAKSTLTLI
0.503812313079834,0.0165765173733234,KCRLAKSTLTLI/SKEKLRLAKSTLTLI
0.538758397102356,0.0222331248223781,KCRLAKSTLTLI/SKEKERLAKSTLTLI
0.503812313079834,0.0165765173733234,KCRLAKSTLTLI/SKEKLRLAKSTLTLI
0.5443652868270874,0.0239840783178806,KCRLAKSTLTLI/SKEKKRLAKSTLTLI
0.503812313079834,0.0165765173733234,KCRLAKSTLTLI/SKEKLRLAKSTLTLI
0.503812313079834,0.0165765173733234,KCRLAKSTLTLI/SKEKLRLAKSTLTLI
0.5343939065933228,0.0240952149033546,KCRLAKSTLTLI/SKEKQRLAKSTLTLI
0.538758397102356,0.0222331248223781,KCRLAKSTLTLI/SKEKERLAKSTLTLI
0.503812313079834,0.0165765173733234,KCRLAKSTLTLI/SKEKLRLAKSTLTLI
0.5443652868270874,0.0239840783178806,KCRLAKSTLTLI/SKEKKRLAKSTLTLI
0.503812313079834,0.0165765173733234,KCRLAKSTLTLI/SKEKLRLAKSTLTLI
0.503812313079834,0.0165765173733234,KCRLAKSTLTLI/SKEKLRLAKSTLTLI
0.5201413631439209,0.0195192694664001,KCRLAKSTLTLI/SKEKIRLAKSTLTLI
0.5201413631439209,0.0195192694664001,KCRLAKSTLTLI/SKEKIRLAKSTLTLI
0.503812313079834,0.0165765173733234,KCRLAKSTLTLI/SKEKLRLAKSTLTLI
0.4696347713470459,0.0130962561815977,KCRLAKSTLTLI/SKEKYRLAKSTLTLI
0.503812313079834,0.0165765173733234,KCRLAKSTLTLI/SKEKLRLAKSTLTLI
0.503812313079834,0.0165765173733234,KCRLAKSTLTLI/SKEKLRLAKSTLTLI
0.503812313079834,0.0165765173733234,KCRLAKSTLTLI/SKEKLRLAKSTLTLI
0.503812313079834,0.0165765173733234,KCRLAKSTLTLI/SKEKLRLAKSTLTLI
0.5132047533988953,0.0172048360109329,KCRLAKSTLTLI/TKEKIRLAKSTLTLI
0.5443652868270874,0.0239840783178806,KCRLAKSTLTLI/SKEKKRLAKSTLTLI
0.503812313079834,0.0165765173733234,KCRLAKSTLTLI/SKEKLRLAKSTLTLI
0.503812313079834,0.0165765173733234,KCRLAKSTLTLI/SKEKLRLAKSTLTLI
0.4952324032783508,0.0180060230195522,KCRLAKSTLTLI/SKEKNRLAKSTLTLI
