sequence,pred_plddt,pred_iptm
SLWETVQKWREYRRQCQRSLTEDPPPATDLFCNRTFDEYACWPDGEPGSFVNVSCPWYLPWASSVPQGHVYRFCTAEGLWLSLEVALELALALLRRLLELE,0.3976856919598034,0.17584996
SLWETVQKWREYRRQCQRSLTEDPPPATDLFCNRTFDEYACWPDGEPGSFVNVSCPWYLPWASSVPQGHVYRFCTAEGLWLSAAVAAELAAAALRAALEAA,0.3873371554316708,0.3460215
SLWETVQKWREYRRQCQRSLTEDPPPATDLFCNRTFDEYACWPDGEPGSFVNVSCPWYLPWASSVPQGHVYRFCTAEGLWLAAEVAAALALALAALLALLA,0.3954229372846201,0.17223346
SLWETVQKWREYRRQCQRSLTEDPPPATDLFCNRTFDEYACWPDGEPGSFVNVSCPWYLPWASSVPQGHVYRFCTAEGLWLSEEVREELERLRRLLEELRR,0.3704143007950148,0.21804386
SLWETVQKWREYRRQCQRSLTEDPPPATDLFCNRTFDEYACWPDGEPGSFVNVSCPWYLPWASSVPQGHVYRFCTAEGLWLSEEVAAALAAAARLAEELAR,0.355164383853782,0.29880303
SLWETVQKWREYRRQCQRSLTEDPPPATDLFCNRTFDEYACWPDGEPGSFVNVSCPWYLPWASSVPQGHVYRFCTAEGLWLSEEVAAALALALALAAAAAA,0.3794249441210479,0.2136485
SLWETVQKWREYRRQCQRSLTEDPPPATDLFCNRTFDEYACWPDGEPGSFVNVSCPWYLPWASSVPQGHVYRFCTAEGLWLAEEVRQELEEALRALEEALR,0.36158121743236993,0.21981792
SLWETVQKWREYRRQCQRSLTEDPPPATDLFCNRTFDEYACWPDGEPGSFVNVSCPWYLPWASSVPQGHVYRFCTAEGLWLSEEVRRELLEALERARREAE,0.36784234139826266,0.23329644
SLWETVQKWREYRRQCQRSLTEDPPPATDLFCNRTFDEYACWPDGEPGSFVNVSCPWYLPWASSVPQGHVYRFCTAEGLWLSEEVREELLALLERLRRELE,0.35978379366759494,0.2161062
SLWETVQKWREYRRQCQRSLTEDPPPATDLFCNRTFDEYACWPDGEPGSFVNVSCPWYLPWASSVPQGHVYRFCTAEGLWLSEEVREELERLLRELEERRR,0.3680096859482229,0.22407249
SLWETVQKWREYRRQCQRSLTEDPPPATDLFCNRTFDEYACWPDGEPGSFVNVSCPWYLPWASSVPQGHVYRFCTAEGLWLAAEVAAALAALAAALAAALA,0.3830608472225569,0.1766836
